986359115659100160|Tue Apr 17 21:41:53 +0000 2018|RON YORK|@ArizonaSoftball @lysssscat32 A wonderful person and softball player.  A tremendous testimony to job well done|0|Arizona Softball|14|92|515|(-124.482003, 32.528832, -114.131211, 42.009517)
986359117991182336|Tue Apr 17 21:41:54 +0000 2018|wilcox|"Me: ‚Äúnumber 3 12 count please with 2 Polynesian sauses‚Äù

@ChickfilA : ‚Äú8 count and 4 sauces?‚Äù

Me: ‚Äúno, a number 3‚Ä¶ https://t.co/WYROwiFJUE"|0|Chick-fil-A, Inc.|719|373|29409|(-124.482003, 32.528832, -114.131211, 42.009517)
986359118322515968|Tue Apr 17 21:41:54 +0000 2018|Patti Scott|@charlie_savage @maddow McConnell is such a slug|0|Charlie Savage|272|366|1560|(-124.482003, 32.528832, -114.131211, 42.009517)
986359126442721280|Tue Apr 17 21:41:56 +0000 2018|Carlos Allende|@lgbtqnation It‚Äôs quite possible. Was the med in question introduced rectally by a very intriguing young doctor? I‚Äô‚Ä¶ https://t.co/dhocKIczOc|0|LGBTQ Nation|371|626|4250|(-124.482003, 32.528832, -114.131211, 42.009517)
986359130351792130|Tue Apr 17 21:41:56 +0000 2018|claudia cruz|@thatnigganile Lool|0|Nile Havis Williams|777|1196|23514|(-124.482003, 32.528832, -114.131211, 42.009517)
986359132235026432|Tue Apr 17 21:41:57 +0000 2018|Cory Xenos|@WinnyClarke I saw it last night and people were extremely quiet while eating.ü§£And then there was one CHATTY toddler.ü§£ü§¶‚Äç‚ôÄÔ∏è|0|Winny Clarke|765|973|17627|(-124.482003, 32.528832, -114.131211, 42.009517)
986359133006790656|Tue Apr 17 21:41:57 +0000 2018|Rob Skywalker|OMFG THE TOWELS ON WEDNESDAY ARE EVEN BETTER üò≠üò≠üò≠ @SanJoseSharks|0|San Jose Sharks|548|1517|51163|(-124.482003, 32.528832, -114.131211, 42.009517)
986359133858185217|Tue Apr 17 21:41:57 +0000 2018|Stephan ‚úäüèø|One of my first stops when I touchdown is Gram to fw the big Brodie‚Äôs @GoDJTwin318 and @GoDJtwin2hot|0|GODJTWIN318 ‚Ä†ìÖì|1214|1204|16880|(-124.482003, 32.528832, -114.131211, 42.009517)
986359135938592768|Tue Apr 17 21:41:58 +0000 2018|Jesse Siam|@millanani I always ask Siri to wake me up, and she does it. She‚Äôs truly the best!|0|millanani üëë|122|114|1811|(-124.482003, 32.528832, -114.131211, 42.009517)
986359135988998144|Tue Apr 17 21:41:58 +0000 2018|michael felix|@Doug_Tilley @DrunkonVHS Can I un-preorder now?|0|Boner Vivant|288|773|25822|(-124.482003, 32.528832, -114.131211, 42.009517)
986359138396459008|Tue Apr 17 21:41:58 +0000 2018|Priya Mapara|Had a dream last night I visited a @tacobell Tacotel which included a Cantina and room service with unlimited sauce‚Ä¶ https://t.co/5DfJ1htRfj|0|Taco Bell|132|255|928|(-124.482003, 32.528832, -114.131211, 42.009517)
986359139583516673|Tue Apr 17 21:41:59 +0000 2018|riki slayday üíú|@coolspacebuns I LOVE YOU SO MUCH!!! You‚Äôre so welcome!!!üíñüíñüíñ|0|aisha üåª|2433|364|60605|(-124.482003, 32.528832, -114.131211, 42.009517)
986359143404421120|Tue Apr 17 21:42:00 +0000 2018|Joseph|@CPucelli I‚Äôm so glad loud house episodes are gonna be on a week instead of just Friday it was so hard to wait for‚Ä¶ https://t.co/J9rZGHr8SG|0|Cristina Pucelli|788|2111|8687|(-124.482003, 32.528832, -114.131211, 42.009517)
986359148261462016|Tue Apr 17 21:42:01 +0000 2018|EMNI|@shika32 @LupeFiasco Told ya @LupeFiasco lmao!|0|Shika|14|203|70|(-124.482003, 32.528832, -114.131211, 42.009517)
986359149347856384|Tue Apr 17 21:42:01 +0000 2018|H.B.Y.|@AllxBalck @HousePhon3 Quick question, did you have any association with him before you sent an unsolicited link?|0|TuxEnt|1705|1538|115448|(-124.482003, 32.528832, -114.131211, 42.009517)
986359151507861506|Tue Apr 17 21:42:02 +0000 2018|Laurie A O'Bryne|@Brianpirvin2 @RBReich Fox News is not news it is ‚ÄúTrumpaganda‚Äù. And yes! I have been hurt by it and the lies they spread about my people.|0|Brian P Irvin|201|152|4381|(-124.482003, 32.528832, -114.131211, 42.009517)
986359151814045696|Tue Apr 17 21:42:02 +0000 2018|Mona Khalil üá™üá¨üá¨üáæ|I look forward to checking out @Jnane_Tamsna when i got back to Morocco next year. @Essence thank you for sharing h‚Ä¶ https://t.co/cANJqPptrV|0|Jnane Tamsna|161|168|7332|(-124.482003, 32.528832, -114.131211, 42.009517)
986359153764417536|Tue Apr 17 21:42:02 +0000 2018|Vincentalmonds|"https://t.co/1NOA1rxm4R

Sunny day Work jam. @sopharela"|0|soccer mommy|506|269|6197|(-124.482003, 32.528832, -114.131211, 42.009517)
986359153961545728|Tue Apr 17 21:42:02 +0000 2018|Laura|@DesireeDelOrbe @hardhouz13 We need to just hammer him with phone calls, emails, and any other way we can get a message to McConnell.|0|‚öñÔ∏èMueller is The Law‚öñÔ∏è Del Orbe|308|183|25059|(-124.482003, 32.528832, -114.131211, 42.009517)
986359154825543680|Tue Apr 17 21:42:02 +0000 2018|shiggy shigs|happy birthday @IiIspice!!!!!! hope you have a lovely day!|0|ponyo|1319|1028|53883|(-124.482003, 32.528832, -114.131211, 42.009517)
986359155861610496|Tue Apr 17 21:42:03 +0000 2018|Wazowski|@RyanjRegala Thank you|0|Regala|248|229|2961|(-124.482003, 32.528832, -114.131211, 42.009517)
986359162043904000|Tue Apr 17 21:42:04 +0000 2018|Jellyman|@TheStraightHops @badhopper @Sterling6spd @foundersbrewing @FhzFun @zappafaye @JacobGrimes @JHMSparky‚Ä¶ https://t.co/BLWPMu29f9|0|Straight Hops|938|818|25836|(-124.482003, 32.528832, -114.131211, 42.009517)
986359167098105857|Tue Apr 17 21:42:05 +0000 2018|Mikey M|@FoxNews is a shit bag of corruption https://t.co/nHCFo6eEoE|0|Fox News|2719|2209|215440|(-124.482003, 32.528832, -114.131211, 42.009517)
986359168134082560|Tue Apr 17 21:42:06 +0000 2018|Barb MacLean|Hi Mr. Skinner @Chris_Skinner where can I find you this week?|0|Chris Skinner|650|1552|3023|(-124.482003, 32.528832, -114.131211, 42.009517)
986359168071118848|Tue Apr 17 21:42:05 +0000 2018|sophiestarr|@Tiffanydloftin @NAACP Agree, but I do believe that law enforcement in USA is so resistant to change. Already in CA‚Ä¶ https://t.co/RNUIXwOWIz|0|Tiffany Dena Loftin|29|187|732|(-124.482003, 32.528832, -114.131211, 42.009517)
986359168956121088|Tue Apr 17 21:42:06 +0000 2018|HaBEAM Olajuwon|@TheATrinh Cus it's all marketing|0|Andy¬Æ|573|729|6868|(-124.482003, 32.528832, -114.131211, 42.009517)
986359170940022786|Tue Apr 17 21:42:06 +0000 2018|ü§ôüèºJIMMYZüòéü§ôüèº|@AnnaCAAlves17 Güòòüòòd Evening Anna‚ú®‚ú®‚ú®‚ú® Refreshing Rest‚ú®‚ú®‚ú®‚ú®‚ú®‚ú® Nite Nite‚ú®‚ú®‚ú®‚ú®‚ú®‚ú®‚ú®‚ú®‚ú®|0|Anna C Alves üé®|324|442|19168|(-124.482003, 32.528832, -114.131211, 42.009517)
986359171825057792|Tue Apr 17 21:42:06 +0000 2018|Alexia Tovar|Ahhh yesss finally, @lifeisbeautiful tickets go on sale this week üñ§|0|Life is Beautiful|483|422|15949|(-124.482003, 32.528832, -114.131211, 42.009517)
986359172030541824|Tue Apr 17 21:42:06 +0000 2018|Shanna Niroumand|Shout out to the collab @Athletics @AltamontBW #GreenCollar #PaleAle #YUM https://t.co/HR6oOJzRCJ|0|Oakland Athletics üå≥üêò‚öæÔ∏è|444|313|39395|(-124.482003, 32.528832, -114.131211, 42.009517)
986359173045600256|Tue Apr 17 21:42:07 +0000 2018|Steve Tilley|Spent today doing a deep hands-on dive into @Quantic_Dream's Detroit: Become Human (@Detroit_PS4) and talking to cr‚Ä¶ https://t.co/DeYVpL8irz|0|Quantic Dream|6445|295|16656|(-124.482003, 32.528832, -114.131211, 42.009517)
986359175985807361|Tue Apr 17 21:42:07 +0000 2018|Las Vegas Locally üåµ|@vegasbling @CNN @VitalVegas Looks a little like Scott. Let's turn him in and split the reward money! üí∞|0|Diana Prince|23958|7298|62291|(-124.482003, 32.528832, -114.131211, 42.009517)
986359176162041856|Tue Apr 17 21:42:07 +0000 2018|william adams|@PaulaRoyce @cmpndqn @MagaStrong1 @newmark_bobby @kb2u04 @realDonaldTrump He might be the one smoking crack after that post lol|0|Paula Royce|727|1215|25433|(-124.482003, 32.528832, -114.131211, 42.009517)
986359167349768192|Tue Apr 17 21:42:05 +0000 2018|Bree|@AmericaocGuzman I love him!! And I don‚Äôt even know him ü§ó|0|america guzman|49|92|188|(-124.482003, 32.528832, -114.131211, 42.009517)
986359177953001472|Tue Apr 17 21:42:08 +0000 2018|Vu Nguyen|@seanhannity Liar, liar, pants on fire.|0|Sean Hannity|9|21|282|(-124.482003, 32.528832, -114.131211, 42.009517)
986359178200412160|Tue Apr 17 21:42:08 +0000 2018|Eileen Rodriguez|@ShafPatel @realDonaldTrump He is blocking ILLEGAL IMMIGRATION we want legal immigration|0|Shaf Patel üíé|15|32|114|(-124.482003, 32.528832, -114.131211, 42.009517)
986359181606141952|Tue Apr 17 21:42:09 +0000 2018|Aaron Sim|@priscillachau Say hello to the fishies for me|0|p|175|265|3010|(-124.482003, 32.528832, -114.131211, 42.009517)
986359177953001472|Tue Apr 17 21:42:08 +0000 2018|Vu Nguyen|@seanhannity Liar, liar, pants on fire.|0|Sean Hannity|9|21|282|(-124.482003, 32.528832, -114.131211, 42.009517)
986359172030541824|Tue Apr 17 21:42:06 +0000 2018|Shanna Niroumand|Shout out to the collab @Athletics @AltamontBW #GreenCollar #PaleAle #YUM https://t.co/HR6oOJzRCJ|0|Oakland Athletics üå≥üêò‚öæÔ∏è|444|313|39395|(-124.482003, 32.528832, -114.131211, 42.009517)
986359188967141382|Tue Apr 17 21:42:10 +0000 2018|H.B.Y.|@MizzCreme @AOBGOCRAZY65 Indeed.|0|ü¶Ñ|1705|1538|115449|(-124.482003, 32.528832, -114.131211, 42.009517)
986359193702559744|Tue Apr 17 21:42:12 +0000 2018|K.C.|@DrewfrmOAK Yeap that was my brother‚Äôs first language|0|drew$ki‚ùÑÔ∏è|674|434|52928|(-124.482003, 32.528832, -114.131211, 42.009517)
986359179743977472|Tue Apr 17 21:42:08 +0000 2018|YouthAutos|"The 2019 @Toyota Avalon Touring‚Äôs V6 makes a nice snarl 
_____
#avalon #toyota #toyotaavalon #exhaust #exhaustsound https://t.co/jhgrjx4G8P"|0|Toyota USA|1330|4437|175|(-124.482003, 32.528832, -114.131211, 42.009517)
986359188551974912|Tue Apr 17 21:42:10 +0000 2018|Eduardo Renta|@JoshuaDo5 @rebelvenice @MichaelAvenatti @StormyDaniels it was a big enough deal that got them to draft a co tract‚Ä¶ https://t.co/LUcr44mXXq|0|Joshua Do|955|1546|8995|(-124.482003, 32.528832, -114.131211, 42.009517)
986359196609204224|Tue Apr 17 21:42:12 +0000 2018|Melissa aka Mel Infamous‚Ñ¢|@TwoOneFive_Tee Tell your older brother to get in contact with me...|0|Thomas Culbreath|57|331|807|(-124.482003, 32.528832, -114.131211, 42.009517)
986359197573894144|Tue Apr 17 21:42:13 +0000 2018|Erica Kaiser|@KristianGaric @WWLAMFM I think we get 8, possibly 9 wins, I‚Äôd take the over|0|Kristian Garic|13615|668|19459|(-124.482003, 32.528832, -114.131211, 42.009517)
986359199318753280|Tue Apr 17 21:42:13 +0000 2018|Derek Dakan|@WesternIdentity This is their ‚Äúcracker in the woodpile‚Äù. Whitey can‚Äôt be reformed so our only choice is to burn ‚Äòe‚Ä¶ https://t.co/501r5dXBVW|0|owen cyclops üá¶üá∂|37|266|229|(-124.482003, 32.528832, -114.131211, 42.009517)
986359201764012033|Tue Apr 17 21:42:14 +0000 2018|riki slayday üíú|@coolspacebuns I love you sooo much! You‚Äôre sooooo welcome üòòüíú|0|aisha üåª|2433|364|60606|(-124.482003, 32.528832, -114.131211, 42.009517)
986359203630469120|Tue Apr 17 21:42:14 +0000 2018|Victor Landa|@dianedingding @HakkasanLV @BorgeousMusic Im ashamed u even have to ask lol. Of course ima go see johnüôåüèΩüôåüèΩ|0|4ever in my ‚ù§|161|349|3256|(-124.482003, 32.528832, -114.131211, 42.009517)
986359205773828096|Tue Apr 17 21:42:14 +0000 2018|CatholicForLife TOC üáªüá¶|@declanganley Two words #George #Soros|0|Declan Ganley|5513|3032|46432|(-124.482003, 32.528832, -114.131211, 42.009517)
986359206662914053|Tue Apr 17 21:42:15 +0000 2018|üëæLil Purpppüé±|@KrudeMusic @EkaliMusic I‚Äôve honestly been thinking about mouse and keyboard ü§î shits so much faster|0|ÊÑõ|348|306|17116|(-124.482003, 32.528832, -114.131211, 42.009517)
986359206713278464|Tue Apr 17 21:42:15 +0000 2018|Frankie Concha|@ChristinaShada @MiraiRobotics @miraisuenaga Hello! This was an Isetan x Smart Doll collaboration that happened a w‚Ä¶ https://t.co/UbgyB02ukN|0|Christina Kowald|402|423|15595|(-124.482003, 32.528832, -114.131211, 42.009517)
986359207497641984|Tue Apr 17 21:42:15 +0000 2018|lexi|@Calum5SOS uhhhhhh hi|0|Calum Hood|1580|172|10949|(-124.482003, 32.528832, -114.131211, 42.009517)
986359207854096384|Tue Apr 17 21:42:15 +0000 2018|Issame|@GEO24CD Big facts|0|Devion|14|70|6084|(-124.482003, 32.528832, -114.131211, 42.009517)
986359209397833728|Tue Apr 17 21:42:15 +0000 2018|Frankie Bourne|Hope you can join us this Friday (4/20) for an acoustic duo show at @hopmonknovato Sonoma!‚Ä¶ https://t.co/hUERaMLWHT|0|HopMonk Novato|235|712|646|(-124.482003, 32.528832, -114.131211, 42.009517)
986359209791864834|Tue Apr 17 21:42:15 +0000 2018|Kellyann Maffi|@jaketapper @KevinMaddenDC @niaCNN @jrpsaki @TheLeadCNN Yes he is|0|Jake Tapper|68|315|3084|(-124.482003, 32.528832, -114.131211, 42.009517)
986359210798497792|Tue Apr 17 21:42:16 +0000 2018|Jassssssssssss üê∂|@BrennenTaylor My faves|0|Brennen Taylor|637|430|50685|(-124.482003, 32.528832, -114.131211, 42.009517)
986359212224626694|Tue Apr 17 21:42:16 +0000 2018|Cali Amazon|@KALIUCHIS  outfit during Caramelo Dur√≥ at Coachella is the aesthetic I need to adopt this summer|0|kali uchis‚õà|164|96|9768|(-124.482003, 32.528832, -114.131211, 42.009517)
986359216678973440|Tue Apr 17 21:42:17 +0000 2018|Loretta Altman|@hitRECordJoe Why do you dress like a boy?|0|Joseph Gordon-Levitt|449|1705|1020|(-124.482003, 32.528832, -114.131211, 42.009517)
986359220726415360|Tue Apr 17 21:42:18 +0000 2018|Rob Young|@MIKERUSSELLMMA And Dana already said they won‚Äôt be putting Khabib on the first Russia card anyways. He could chang‚Ä¶ https://t.co/f2rg3iTA7r|0|Mike Russell|819|1744|45418|(-124.482003, 32.528832, -114.131211, 42.009517)
986359224459390977|Tue Apr 17 21:42:19 +0000 2018|sam 1k ‚úàÔ∏è‚Ñ¢Ô∏è|Follow the powderpuff @JLopezz412|0|Julian Lopez|59|46|123|(-124.482003, 32.528832, -114.131211, 42.009517)
986359226170658816|Tue Apr 17 21:42:19 +0000 2018|ariana|@BriLoveLife HOLLAAAAA AT YO GIRL|0|Brian Nicholson|16817|6251|105706|(-124.482003, 32.528832, -114.131211, 42.009517)
986359210534256640|Tue Apr 17 21:42:16 +0000 2018|68 fury|@SavingAmerica4U @sandy45_46 Prison for both.|0|Saving America üî¥|822|978|15155|(-124.482003, 32.528832, -114.131211, 42.009517)
986359254167707648|Tue Apr 17 21:42:26 +0000 2018|tina bortion, msw|@cherrule I‚Äôve used it a few times. Works for me if I‚Äôm feeling lazy and have the money.|0|Montego Bae|573|460|111055|(-124.482003, 32.528832, -114.131211, 42.009517)
986359260010328064|Tue Apr 17 21:42:27 +0000 2018|The New Music Buzz|.@Beyonce 's @coachella Performance Was Record Breaking According to @YouTube - THE NEW MUSIC BUZZ‚Ä¶ https://t.co/kVVTDKlQe4|0|BEYONC√â|25816|1633|8833|(-124.482003, 32.528832, -114.131211, 42.009517)
986359270026309632|Tue Apr 17 21:42:30 +0000 2018|VA|@duenas__7 @xPapaa @_estefaaanieg Dude i love that movie üòÇ|0|Luis Due√±as|910|661|56170|(-124.482003, 32.528832, -114.131211, 42.009517)
986359270886195201|Tue Apr 17 21:42:30 +0000 2018|Anne Thompson|@FilmStruck @ava @JSim07 @RickFamuyiwa @BarryJenkins .@SpikeLee‚Äôs @Do the Right Thing, @BarryJenkins‚Äô Moonlight,‚Ä¶ https://t.co/6KK00g5YGC|0|FilmStruck|66286|1520|86879|(-124.482003, 32.528832, -114.131211, 42.009517)
986359273151066112|Tue Apr 17 21:42:31 +0000 2018|Wolf From The Pacific-iMainZoe|@vorpeoo They were British 2|0|Vorp|1075|412|28805|(-124.482003, 32.528832, -114.131211, 42.009517)
986359275881508864|Tue Apr 17 21:42:31 +0000 2018|Shawn Medero|@darth also don‚Äôt reheat your fries just make the right amount and eat them all at once|0|darth‚Ñ¢|670|637|17514|(-124.482003, 32.528832, -114.131211, 42.009517)
986359277890691072|Tue Apr 17 21:42:32 +0000 2018|chapps|@MrEwanMorrison Path√© also employed a large female coloring lab, but they began to use a stencil technique. More precise, but less fun.|0|ewan morrison|287|268|8723|(-124.482003, 32.528832, -114.131211, 42.009517)
986359277748076544|Tue Apr 17 21:42:32 +0000 2018|Rhea Litr√©|@TaylorREIGNXXX marry Me|0|TAYLO–Ø REIGN|23398|3114|32661|(-124.482003, 32.528832, -114.131211, 42.009517)
986359280793092096|Tue Apr 17 21:42:32 +0000 2018|Eric Rogers|@joshhaber @nickconfalone Stripes is amazing, but it‚Äôs two different movies. Both which are fun, but don‚Äôt quite me‚Ä¶ https://t.co/80WIoMHg8Y|0|Josh Haber|2463|417|34396|(-124.482003, 32.528832, -114.131211, 42.009517)
986359279983579136|Tue Apr 17 21:42:32 +0000 2018|‚Ñí·éΩ‚Ñí·éØ ‚Ñã·éØ‚Ñí‚Ñ∞üî•‚ù§|Waiting for the New Single #Desire by the #queenoflatinpop @paurubio feat @nacholacriatura waiting so excited for i‚Ä¶ https://t.co/OYjf0da7s3|0|Paulina Rubio|5262|690|72041|(-124.482003, 32.528832, -114.131211, 42.009517)
986359278335225857|Tue Apr 17 21:42:32 +0000 2018|DAP Community Action|Make one meal matter. Thursday, April 26th. Dine out, fight AIDS. SUPOORT @DesertAIDS programs and services. https://t.co/dWy0s8zfU0|0|Desert AIDS Project|963|1498|3095|(-124.482003, 32.528832, -114.131211, 42.009517)
986359282118549505|Tue Apr 17 21:42:33 +0000 2018|Marena|Sick of the Bush‚Äôs, The Clinton‚Äôs, The Obama‚Äôs, all Democrats, @CNN, @MSNBC   NO-ONE CARES ANYMORE ü§°ü§°ü§°ü§° https://t.co/FKiseqvqnS|0|CNN|4084|4873|32738|(-124.482003, 32.528832, -114.131211, 42.009517)
986359285209681920|Tue Apr 17 21:42:33 +0000 2018|JimmyB üá∫üá∏ #BlueWave2018 üåäüåä|@frankthorp @TeamCavuto Unlike the House, Dems have an almost impossible task of taking back the Senate in the upco‚Ä¶ https://t.co/eUvbN7GclW|0|Frank Thorp V|303|412|3871|(-124.482003, 32.528832, -114.131211, 42.009517)
986359291379503104|Tue Apr 17 21:42:35 +0000 2018|mharris2012|@NancySinatra @realDonaldTrump @RightZat Don't worry about his Tax Returns. One hit Wonder|0|Nancy Sinatra|385|433|8086|(-124.482003, 32.528832, -114.131211, 42.009517)
986359291706720256|Tue Apr 17 21:42:35 +0000 2018|shayne genevieve|@MSNBC Good for him|0|MSNBC|178|229|27809|(-124.482003, 32.528832, -114.131211, 42.009517)
986359293292134400|Tue Apr 17 21:42:35 +0000 2018|top 2 and i aint #2|@MacAndCheeks This sounds like a salty person who was too cheap to be an alcoholic at their friends wedding üòÇ|0|Mac.|1618|2066|87949|(-124.482003, 32.528832, -114.131211, 42.009517)
986359293380247554|Tue Apr 17 21:42:35 +0000 2018|Angie Lee|@HappyYugina I think you totally got this! You're putting yourself in a great frame of mind and will absolutely kick ass wherever you go!|0|Yugina Yun|2468|775|19206|(-124.482003, 32.528832, -114.131211, 42.009517)
986359295141863424|Tue Apr 17 21:42:36 +0000 2018|Richard Wilson|@100PercFEDUP Disappointed? Congress needs to write common sense laws without broad language you can drive a truck through|0|100% FED UP!|736|1088|89235|(-124.482003, 32.528832, -114.131211, 42.009517)
986359297096302592|Tue Apr 17 21:42:36 +0000 2018|Shane Becker  ‚í∂üè¥üñ§|@andy_ruben Follow for DM please?|0|Andy Ruben|2174|197|44821|(-124.482003, 32.528832, -114.131211, 42.009517)
986359302276317184|Tue Apr 17 21:42:37 +0000 2018|Tricia Viola|Leading Women Summit speaker  @SallieKrawcheck @Ellevest identifies what quality makes a management team great: it‚Äô‚Ä¶ https://t.co/qn66E1zqry|0|Sallie Krawcheck|425|704|2831|(-124.482003, 32.528832, -114.131211, 42.009517)
986359306676129792|Tue Apr 17 21:42:39 +0000 2018|mrbluntwist|@elliottoconnor I‚Äôm moving to a different country and i haven‚Äôt experienced a SHWB concert, y‚Äôall should organize a‚Ä¶ https://t.co/ilA8Yx5ZPb|0|El|66|116|1250|(-124.482003, 32.528832, -114.131211, 42.009517)
986359312246194176|Tue Apr 17 21:42:40 +0000 2018|MADDIE #JEALOUSY1STWIN|@POWERHOUSELIVE if it‚Äôs anything like mx tickets were then you‚Äôre gonna get nothing no matter what|0|POWERHOUSE LIVE|87|403|3453|(-124.482003, 32.528832, -114.131211, 42.009517)
986359312334258176|Tue Apr 17 21:42:40 +0000 2018|SassyGayMUAüçíüíÑ|@ItsMeHollowx @TwitterSupport Yes @TwitterSupport pls help us all|0|hollow|2585|3657|52656|(-124.482003, 32.528832, -114.131211, 42.009517)
986359313496027136|Tue Apr 17 21:42:40 +0000 2018|Patrick Whiterock|@KylieJessica_12 Oh okay then|0|Kylie|89|291|183|(-124.482003, 32.528832, -114.131211, 42.009517)
986359313789693952|Tue Apr 17 21:42:40 +0000 2018|Crispy|@Gun_ShowTrader @ihave4thumbs @TrevorTortoise @seanhannity He makes $29 mil per year on your stupidity.|0|SpartanTrader|430|1274|55368|(-124.482003, 32.528832, -114.131211, 42.009517)
986359323314896897|Tue Apr 17 21:42:43 +0000 2018|‚ìÇÔ∏èOE|@_adressymess let me find out you getting lip injections ü§£ https://t.co/c1mVrBtBGj|0|üñ§üá∞üá≠|1645|484|118020|(-124.482003, 32.528832, -114.131211, 42.009517)
986359326460624896|Tue Apr 17 21:42:43 +0000 2018|88|@keonaoshea rolling loud|0|üßöüèΩ‚Äç‚ôÄÔ∏è|270|166|18647|(-124.482003, 32.528832, -114.131211, 42.009517)
986359327932821504|Tue Apr 17 21:42:44 +0000 2018|Mike Garcia|@HoopInDetail To me, it's a world of difference btwn Hutch and Okogie.  Soft shots off the glass at wide angles, Eu‚Ä¶ https://t.co/p3kyLyFXBG|0|HoopInDetail|1531|1888|26450|(-124.482003, 32.528832, -114.131211, 42.009517)
986359333477728258|Tue Apr 17 21:42:45 +0000 2018|Matt Z|@annerajb @librab103 @ValueAnalyst1 We need to be able to edit tweets!|0|Anner J. Bonillaüáµüá∑üõ©Ô∏è‚úàÔ∏èüîß|22|78|421|(-124.482003, 32.528832, -114.131211, 42.009517)
986359337219121153|Tue Apr 17 21:42:46 +0000 2018|Vu Nguyen|@seanhannity Liar, liar, pants on fire.|0|Sean Hannity|9|21|283|(-124.482003, 32.528832, -114.131211, 42.009517)
986359338502705153|Tue Apr 17 21:42:46 +0000 2018|J23|"I‚Äôm finna drop this shit ASAP üòàüí™üèæ 
üé•: @californiafrank #PurpleDuctions s/o @Iridescentsongs‚Ä¶ https://t.co/Axup0yuAV2"|0|Franky Frank|1460|347|93787|(-124.482003, 32.528832, -114.131211, 42.009517)
986359340553592833|Tue Apr 17 21:42:47 +0000 2018|Tuesday Simmons|Just saw a poster for @doubleshelixpod in the elevator at @igisci and HOW HAVE I NOT HEARD OF THIS SOONER?? Inspiri‚Ä¶ https://t.co/CCRJmnhvfi|0|Double Shelix|346|513|5573|(-124.482003, 32.528832, -114.131211, 42.009517)
986359349118287872|Tue Apr 17 21:42:49 +0000 2018|Aaron Sim|@DavidPikachau @itzACEkid HAHAHAHHAHAHA. HOLY FUCK. David is on a roll today|0|David Chau|175|265|3011|(-124.482003, 32.528832, -114.131211, 42.009517)
986359353186725888|Tue Apr 17 21:42:50 +0000 2018|eyezon|omg best gumbo #ajam #Improv ever:  https://t.co/720sF5nSGy @RealSeunKuti @questlove  @CocaCola  @GratefulDead @Caliroots420 @waterforpeople|0|Seun Anikulapo Kuti|980|4995|516|(-124.482003, 32.528832, -114.131211, 42.009517)
986359363852890113|Tue Apr 17 21:42:52 +0000 2018|Ken Bling|@travasaurus Is she the one who sings about the hills being alive??|0|Travis Ritchie|388|531|13311|(-124.482003, 32.528832, -114.131211, 42.009517)
986359364163284992|Tue Apr 17 21:42:52 +0000 2018|Shane Daly|@MoraymaMSquared @JonAlpha2000 @RufioJJ @kenmikeglass @ShorealoneFilms Good choices!|0|Morayma|2169|2269|16604|(-124.482003, 32.528832, -114.131211, 42.009517)
986359371423608832|Tue Apr 17 21:42:54 +0000 2018|@colleen.marge|@Epecore They were like an hour late to perform at Coachella too lol|0|Erica|1236|154|2792|(-124.482003, 32.528832, -114.131211, 42.009517)
986359370081452032|Tue Apr 17 21:42:54 +0000 2018|Eddie Liu|"""Craft is king.""
Thank you @WillYunLee for visiting @arnoldchon's stunt fighting class last night and sharing your‚Ä¶ https://t.co/dRN7PE60Qg"|0|Will Yun Lee|510|489|7641|(-124.482003, 32.528832, -114.131211, 42.009517)
986359373223071744|Tue Apr 17 21:42:54 +0000 2018|OfficialBenjii|"üö®NEW WAVES!!! üåäüåäüåä
‚ÄúI Don‚Äôt Po‚Äù (feat. @roneiam)üö´üôÖüèª‚Äç‚ôÇÔ∏è
Click the link in my bio ‚§¥Ô∏è
Like, Comment‚Ä¶ https://t.co/tr82CrdtCQ"|0|Ronnie G.|227|118|1354|(-124.482003, 32.528832, -114.131211, 42.009517)
986359374875643905|Tue Apr 17 21:42:55 +0000 2018|Bobby üá®üá¶|@jaketapper @KevinMaddenDC @niaCNN @jrpsaki @TheLeadCNN .. I'm guessing that's a rhetorical question  :)|0|Jake Tapper|1833|995|77372|(-124.482003, 32.528832, -114.131211, 42.009517)
986359375328509953|Tue Apr 17 21:42:55 +0000 2018|HundredPercentSteve|@YouTube @BarackObama You'd have to be an idiot not to notice right off that it's been tampered with.|0|YouTube|1973|249|3973|(-124.482003, 32.528832, -114.131211, 42.009517)
986359377471848448|Tue Apr 17 21:42:55 +0000 2018|ja$$|@BrennenTaylor All the beauty gurus are shaking|0|Brennen Taylor|906|396|22403|(-124.482003, 32.528832, -114.131211, 42.009517)
986359378704941056|Tue Apr 17 21:42:56 +0000 2018|„ÇØ„É≠„Éé„Çπ|@robreiner @FoxNews is more into propaganda than news. That's why their lack of ethics is showing by letting their‚Ä¶ https://t.co/YpxLmPOxwJ|0|Rob Reiner|2106|2234|19646|(-124.482003, 32.528832, -114.131211, 42.009517)
986359383201206272|Tue Apr 17 21:42:57 +0000 2018|Anthony Guerra|Mighta got a little misty eyed here. Nicely done @49ers. üëèüëèüëè https://t.co/aPB1KRxgOf|0|San Francisco 49ers|691|1213|7053|(-124.482003, 32.528832, -114.131211, 42.009517)
986359383910166528|Tue Apr 17 21:42:57 +0000 2018|Taste Catering|Simply perfect table top by the Taste design team and @TheoniNapa set in the always breathtaking‚Ä¶ https://t.co/1MPn9On6np|0|Theoni Collection|2115|834|1474|(-124.482003, 32.528832, -114.131211, 42.009517)
986359390356688897|Tue Apr 17 21:42:58 +0000 2018|Vu Nguyen|@seanhannity Liar, liar, pants on fire.|0|Sean Hannity|9|21|284|(-124.482003, 32.528832, -114.131211, 42.009517)
986359393447960576|Tue Apr 17 21:42:59 +0000 2018|Mario Benitez|@AnaheimDucks @AdamHenrique Someone say turn the page https://t.co/dhIibR6f7e|0|Anaheim Ducks|2879|1691|312909|(-124.482003, 32.528832, -114.131211, 42.009517)
986359394714693632|Tue Apr 17 21:43:00 +0000 2018|Laticia Marie|Zoe having fun with the kids @americanabrand @ The Americana at Brand https://t.co/HSBdkQ88Iv|0|Americana at Brand|637|1132|4064|(-124.482003, 32.528832, -114.131211, 42.009517)
986359394563604480|Tue Apr 17 21:42:59 +0000 2018|justine|@MadisonNordby Love you madsüíïüíïüíï|0|Maddy Nordby|498|422|14414|(-124.482003, 32.528832, -114.131211, 42.009517)
986359396258275328|Tue Apr 17 21:43:00 +0000 2018|corey seagers #1 fan|@Dodgers hey i miss u|0|Los Angeles Dodgers|593|255|50215|(-124.482003, 32.528832, -114.131211, 42.009517)
986359400766959617|Tue Apr 17 21:43:01 +0000 2018|scottis.dead.5|@JessicaFappit oh dang i think that looks like a $2322 winner...|0|Jessica Fappit|15|642|1419|(-124.482003, 32.528832, -114.131211, 42.009517)
986359402432118784|Tue Apr 17 21:43:01 +0000 2018|Rochelle ludwig beaudoin|@V_of_Europe She has done a lot of harm.|0|Voice of Europe|35|22|7840|(-124.482003, 32.528832, -114.131211, 42.009517)
986359405275824128|Tue Apr 17 21:43:02 +0000 2018|Adrian Dev|@lakeithlakeith I‚Äôm a majority for damn sure ‚úäüèæ|0|Lakeith Stanfieldy|11665|3193|49352|(-124.482003, 32.528832, -114.131211, 42.009517)
986359405766557696|Tue Apr 17 21:43:02 +0000 2018|susie radke|Dont @ me but @jamescharles killed it at cochella! Day one was definitely my favorite üòç https://t.co/0w2Z1edb9U|0|James Charles|1194|1414|1609|(-124.482003, 32.528832, -114.131211, 42.009517)
986359408555782145|Tue Apr 17 21:43:03 +0000 2018|Krystal Taing|@chryslee1030 um are you this dark IRL?|0|Chrys Lee üßñüèΩ‚Äç‚ôÄÔ∏è|96|434|320|(-124.482003, 32.528832, -114.131211, 42.009517)
986359410686480385|Tue Apr 17 21:43:03 +0000 2018|RosemaryS|@TPM Oh, please.|0|Talking Points Memo|562|1046|15962|(-124.482003, 32.528832, -114.131211, 42.009517)
986359413886763008|Tue Apr 17 21:43:04 +0000 2018|‚Ä¢|@coleworldhanan No face no case ass hoes|0|hanan|42|42|1572|(-124.482003, 32.528832, -114.131211, 42.009517)
986359415958679552|Tue Apr 17 21:43:05 +0000 2018|Brenaldo|@diagas @statnews Do I count as a bro, Ethan?|0|Ethan Gomes|1693|999|83129|(-124.482003, 32.528832, -114.131211, 42.009517)
986359418886307840|Tue Apr 17 21:43:05 +0000 2018|Tony The Weezle Maniaci|@ellasilver5 just walked into my dreams.|0|Ella Silver|2680|2144|21484|(-124.482003, 32.528832, -114.131211, 42.009517)
986359419926532096|Tue Apr 17 21:43:06 +0000 2018|Shane Becker  ‚í∂üè¥üñ§|@andy_ruben Will you DM your email address to me please?|0|Andy Ruben|2174|197|44821|(-124.482003, 32.528832, -114.131211, 42.009517)
986359404508295169|Tue Apr 17 21:43:02 +0000 2018|Jim Furlong|@guerinaustin Happy to leave the cold?|0|Guerin Austin|862|2058|67542|(-124.482003, 32.528832, -114.131211, 42.009517)
986359420580839424|Tue Apr 17 21:43:06 +0000 2018|Robbie Martin|@Sunshin26775781 @electorot @seanhannity How‚Äôs the weather in Russia, @sunshin26775781?|0|Sunshine|1691|391|9103|(-124.482003, 32.528832, -114.131211, 42.009517)
986359414016720897|Tue Apr 17 21:43:04 +0000 2018|ariana|@BriLoveLife If ari follows me, you can tooüòõüòõ|0|Brian Nicholson|16817|6251|105707|(-124.482003, 32.528832, -114.131211, 42.009517)
986359406206926848|Tue Apr 17 21:43:02 +0000 2018|wave üßôüèæ‚Äç‚ôÇÔ∏è|@Wale the emoji, effortlessly|0|Wale|1683|1189|20008|(-124.482003, 32.528832, -114.131211, 42.009517)
986359419066699776|Tue Apr 17 21:43:05 +0000 2018|nancy neff|@maggieNYT A press release to the media from üçäü§°campaign where the media is slammed as ‚ÄòFake news media?‚Äô  üò°üò§üò´ü§¢|0|Maggie Haberman|803|1062|95675|(-124.482003, 32.528832, -114.131211, 42.009517)
986359431603470336|Tue Apr 17 21:43:08 +0000 2018|SassyGayMUAüçíüíÑ|@meaxmue @MannyMua733 Thank you ‚ù§Ô∏è|0|mea üçù|2585|3657|52658|(-124.482003, 32.528832, -114.131211, 42.009517)
986359430869499904|Tue Apr 17 21:43:08 +0000 2018|Brokedashian|@IISuperwomanII Dating|0|Lilly Singh|20|213|225|(-124.482003, 32.528832, -114.131211, 42.009517)
986359440457678848|Tue Apr 17 21:43:10 +0000 2018|Beth Kubala|At #CIESummit2018 sharing lessons learned and best practices for serving #Veterans #Military &amp; #Families @211SD‚Ä¶ https://t.co/GrfcQ5fmWV|0|2-1-1 San Diego|188|421|847|(-124.482003, 32.528832, -114.131211, 42.009517)
986359441996955650|Tue Apr 17 21:43:11 +0000 2018|Scott Winter|@RaiderFaithful5 Should be above, but at what % I don't know yet|0|Zach C #RaiderFaithful|3816|792|41075|(-124.482003, 32.528832, -114.131211, 42.009517)
986359450146451456|Tue Apr 17 21:43:13 +0000 2018|Scott Adams|@Wdewdrop1 My point is that he‚Äôd be in the top five even with all of those criticisms, valid and otherwise. Because priorities.|0|Wdewdrop|225951|823|29589|(-124.482003, 32.528832, -114.131211, 42.009517)
986359453204320257|Tue Apr 17 21:43:13 +0000 2018|Koann|Looks great, @jonahsachs En route to DC and was hoping to download Kindle version but alas. will you do an audioboo‚Ä¶ https://t.co/tMAyY7gNzQ|0|Jonah Sachs|9485|2190|24429|(-124.482003, 32.528832, -114.131211, 42.009517)
986359453434822656|Tue Apr 17 21:43:14 +0000 2018|amysadai ·É¶‚úø|@_keylaxo Forrealsüò≠|0|Keyla Galindo|508|215|57348|(-124.482003, 32.528832, -114.131211, 42.009517)
986359456605855746|Tue Apr 17 21:43:14 +0000 2018|Erwin Molina|I'm at @TheGroveLa in Los Angeles, CA https://t.co/WygMFh1YGF|0|The Grove LA|270|755|5778|(-124.482003, 32.528832, -114.131211, 42.009517)
986359457989849088|Tue Apr 17 21:43:15 +0000 2018|Backward Deplorable Covfefe#CA|@mchooyah Tragic. Extortion 17. No doubt in my mind Obama was behind it. RIP heroes.|0|Robert J. O'Neill|5912|6498|36928|(-124.482003, 32.528832, -114.131211, 42.009517)
986359460758044672|Tue Apr 17 21:43:15 +0000 2018|Will Miller|Much respect to @Starbucks for how they‚Äôre handling this situation|0|Starbucks Coffee|2042|746|33581|(-124.482003, 32.528832, -114.131211, 42.009517)
986359461454348288|Tue Apr 17 21:43:15 +0000 2018|Bryan Herrera|@BvsdLvrxd @DopeItsMJ @ODamnDell @RealJtHolmes Odell got like 3 of these that were turnovers|0|WashedLife|109|181|7212|(-124.482003, 32.528832, -114.131211, 42.009517)
986359461903126528|Tue Apr 17 21:43:16 +0000 2018|JEWELS|@niiiickyD Just gave birth , come visit room 3009|0|nickyD|1783|649|5766|(-124.482003, 32.528832, -114.131211, 42.009517)
986359468731478016|Tue Apr 17 21:43:17 +0000 2018|Tymber Renee|@_littleemermaid You‚Äôre the sweetest üåπ‚ù§Ô∏è|0|arial rose üåπ|488|289|3066|(-124.482003, 32.528832, -114.131211, 42.009517)
986359483638038528|Tue Apr 17 21:43:21 +0000 2018|Jeff A. Johnson|@EricIdle Graham|0|Eric Idle|143|344|6285|(-124.482003, 32.528832, -114.131211, 42.009517)
986359491900850176|Tue Apr 17 21:43:23 +0000 2018|HughReefer|@OGnaana Fu k that lesbian bitch lmfao|0|Lil Brat üòº|1096|695|85890|(-124.482003, 32.528832, -114.131211, 42.009517)
986359492727136256|Tue Apr 17 21:43:23 +0000 2018|Stephen|@Starbucks Good show Starbucks, that‚Äôs the way a corporation takes responsibility|0|Starbucks Coffee|408|666|12681|(-124.482003, 32.528832, -114.131211, 42.009517)
986359495348576256|Tue Apr 17 21:43:24 +0000 2018|Mark Mehlhorn|"@krassenstein WHAT HAPPENED TO THE MOTHER
OF ALL BOMBS??
TEMPORARY RUNWAY MAINTENANCE??
TRUMP IS A FUCKING MORON!!‚Ä¶ https://t.co/PChcW6LDbK"|0|Brian Krassensteinüê¨|6112|6301|303519|(-124.482003, 32.528832, -114.131211, 42.009517)
986359503741304832|Tue Apr 17 21:43:26 +0000 2018|Leslie C.|@leslie_camposs me with oomf üòÇüò≠üòÇ https://t.co/F2O19yVpZt|0|Leslie C.|401|264|11666|(-124.482003, 32.528832, -114.131211, 42.009517)
986359504991272961|Tue Apr 17 21:43:26 +0000 2018|lexi|@Calum5SOS check your venmo xo|0|Calum Hood|1580|172|10950|(-124.482003, 32.528832, -114.131211, 42.009517)
986359514155773953|Tue Apr 17 21:43:28 +0000 2018|havent you people ever heard of closing a gd door?|@watsonthematter Aight I‚Äôll mail em to you|0|j ‚ô°|221|231|9367|(-124.482003, 32.528832, -114.131211, 42.009517)
986359517205037056|Tue Apr 17 21:43:29 +0000 2018|Jamil Smith|‚ÄúWe need to know if you‚Äôre OK,‚Äù a @SacPolice officer is heard saying to a mortally wounded Stephon Clark after they‚Ä¶ https://t.co/xizYKe3tnd|0|Sacramento Police|151434|1104|85772|(-124.482003, 32.528832, -114.131211, 42.009517)
986359518467469312|Tue Apr 17 21:43:29 +0000 2018|Bajie üáπüá¥|@SiesiaTonga Block them|0|Siesia Tonga|2271|2105|2487|(-124.482003, 32.528832, -114.131211, 42.009517)
986359523127443456|Tue Apr 17 21:43:30 +0000 2018|Insanity InF|@Falcon_InF Because I want to kill shit|0|Falcon.InF|328|199|2914|(-124.482003, 32.528832, -114.131211, 42.009517)
986359524167639040|Tue Apr 17 21:43:30 +0000 2018|Jeff Kravitz|@allenscottsf I‚Äôm going this weekend to see what all the hubbub is about|0|Allen Scott|12722|739|10106|(-124.482003, 32.528832, -114.131211, 42.009517)
986359537400668160|Tue Apr 17 21:43:34 +0000 2018|A Literal Homosexual|@voldemortsbicep I literally love you so much|0|ktkins|9025|346|32326|(-124.482003, 32.528832, -114.131211, 42.009517)
986359541741834240|Tue Apr 17 21:43:35 +0000 2018|Matt ü§ôüèºüèÇ|@meggersc6 You..r.... correct|0|Megsüåª|416|228|2670|(-124.482003, 32.528832, -114.131211, 42.009517)
986359544421892096|Tue Apr 17 21:43:35 +0000 2018|Dan Dail|@TalbertSwan Good job Ted!|0|Bishop Talbert Swan|65|46|10324|(-124.482003, 32.528832, -114.131211, 42.009517)
986359544992317440|Tue Apr 17 21:43:35 +0000 2018|Connie|@hknightsf Residents aren‚Äôt immune. City government is.|0|Heather Knight|33|130|1221|(-124.482003, 32.528832, -114.131211, 42.009517)
986359503741304832|Tue Apr 17 21:43:26 +0000 2018|Leslie C.|@leslie_camposs me with oomf üòÇüò≠üòÇ https://t.co/F2O19yVpZt|0|Leslie C.|401|264|11666|(-124.482003, 32.528832, -114.131211, 42.009517)
986359551283703808|Tue Apr 17 21:43:37 +0000 2018|Steve Cox|@todayslies Your clarification reversed your previous statement. But whatever you want.|0|Will Allison|4702|1284|60465|(-124.482003, 32.528832, -114.131211, 42.009517)
986359551640219648|Tue Apr 17 21:43:37 +0000 2018|THE SPACE STATION|These morning mastermind meeting have been exactly what's been needed! @DJMrVibe|0|DJ Mr.Vibe|1824|3820|5672|(-124.482003, 32.528832, -114.131211, 42.009517)
986359551971635201|Tue Apr 17 21:43:37 +0000 2018|Spider-Ben|@Listen2Tony he sure did. #NoFeatures üòÇ|0|Playoff Tone|876|2644|113830|(-124.482003, 32.528832, -114.131211, 42.009517)
986359552739180544|Tue Apr 17 21:43:37 +0000 2018|Eric Fernandez|@IlCervoPiccolo Are you a furry?|0|i want your life too|62|275|3775|(-124.482003, 32.528832, -114.131211, 42.009517)
986359558401613824|Tue Apr 17 21:43:39 +0000 2018|Maximiliam Andersson|"NEW COVER + TRANSCRIPTION UP!
Cover no.132. Back at it with another @foofighters tune! Picked‚Ä¶ https://t.co/XADWViSXGB"|0|Foo Fighters|558|201|2424|(-124.482003, 32.528832, -114.131211, 42.009517)
986359558430846979|Tue Apr 17 21:43:39 +0000 2018|curtisvf|I started the @netflix series ‚Äúlove‚Äù 2 days ago and I‚Äôm already 13 episodes deep|0|Netflix US|275|327|5682|(-124.482003, 32.528832, -114.131211, 42.009517)
986359559710130177|Tue Apr 17 21:43:39 +0000 2018|Herb|@soreboybrando Sending strength your way, brother. https://t.co/hCPQHHPdQt|0|Brando'|66|302|257|(-124.482003, 32.528832, -114.131211, 42.009517)
986359569000648708|Tue Apr 17 21:43:41 +0000 2018|Debi Malz|I have been showing off the hat in Mexico @BryonTang https://t.co/coJ0Ky0bHl|0|Bryon Tang|16|35|67|(-124.482003, 32.528832, -114.131211, 42.009517)
986359575866621952|Tue Apr 17 21:43:43 +0000 2018|PJ Jakovljevic|@DenisPombriant One racist barista is not necessarily an entire racist company|0|DenisPombriant|7016|7546|82617|(-124.482003, 32.528832, -114.131211, 42.009517)
986359584825552896|Tue Apr 17 21:43:45 +0000 2018|Mikey M|@realDonaldTrump What happened to the Sanctions Donald? #putinsbitch|0|Donald J. Trump|2719|2209|215442|(-124.482003, 32.528832, -114.131211, 42.009517)
986359585567981568|Tue Apr 17 21:43:45 +0000 2018|Jazmineü•Ä|@stephanieee38 Made friends w this dude right next to me who had a whole choreographed danceüò≠ best dance party of t‚Ä¶ https://t.co/X3HDYqt10J|0|Stephanie‚Ä¢Gutierrez|521|245|31867|(-124.482003, 32.528832, -114.131211, 42.009517)
986359586977300480|Tue Apr 17 21:43:45 +0000 2018|B√¶rent|@Afost12 Srry. Just trying to fuel the fire https://t.co/7WE86HhXpO|0|life in the Fost lane|134|202|8781|(-124.482003, 32.528832, -114.131211, 42.009517)
986359590689193984|Tue Apr 17 21:43:46 +0000 2018|joyce dattilo|@The_Trump_Train @realDonaldTrump Thank you Justice Gorsuch! Following the ‚ÄúRULE OF LAW‚Äù|0|The Trump Train üá∫üá∏|122|203|665|(-124.482003, 32.528832, -114.131211, 42.009517)
986359593096790016|Tue Apr 17 21:43:47 +0000 2018|Monika 'Roze' Kozmik|Ok. Gordon Ramsay Fish &amp; Chips is phenomenal ! Hoping to try Gordon's restaurant tonight ! @GordonRamsay|0|Gordon Ramsay|35|113|21|(-124.482003, 32.528832, -114.131211, 42.009517)
986359595298779136|Tue Apr 17 21:43:47 +0000 2018|HundredPercentSteve|@imwithillary @Brasilmagic @alexcooper81 Somebody has a blind eye to all the corruption.|0|imwithillary|1973|249|3974|(-124.482003, 32.528832, -114.131211, 42.009517)
986359595634274305|Tue Apr 17 21:43:47 +0000 2018|Tim Perzyk ‚òÄÔ∏è|@patrickc This is 100% the model of NPR‚Äôs @HiddenBrain (which I love) üß†|0|Patrick Collison|4220|1388|9145|(-124.482003, 32.528832, -114.131211, 42.009517)
