986361250723651585|Tue Apr 17 21:50:22 +0000 2018|Andy Wagner|@Pepeisyourdaddy @realDonaldTrump I'm more unhappy he lives there than the fact that she doesn't live there again.|0|Pepe|427|995|13931|(-87.968437, 41.624851, -87.397217, 42.07436)
986361300124135425|Tue Apr 17 21:50:34 +0000 2018|ğŸŒ›j i g g l e ğŸ‘½ p h y s i c sğŸŒœ|@hungryphoapples B r u h ğŸ¤¤â¤ï¸ https://t.co/W5bpWBviqh|0|DEVğŸ”œGanjaWhiteNight|295|348|3109|(-87.968437, 41.624851, -87.397217, 42.07436)
986361302271619072|Tue Apr 17 21:50:34 +0000 2018|Cash Fawsett|@BBTlNGS Shop with me PopularHair Brand https://t.co/LevMQJELNm|0|Î²Î²ğŸÎ¤Î™ÎÎ“Î£|977|725|13153|(-87.968437, 41.624851, -87.397217, 42.07436)
986361314045030400|Tue Apr 17 21:50:37 +0000 2018|Reese Petersen|@liccmylali Rude ass|0|janessa xitlalitl|167|243|79|(-87.968437, 41.624851, -87.397217, 42.07436)
986361334366441472|Tue Apr 17 21:50:42 +0000 2018|milk me|@Bunnytbhh @_Anna100__ @lukewallyz @jacklynn_lolz guess what not a bad crew ğŸ˜‚ğŸ˜‚ https://t.co/UCzV7BYamF|0|babe B yoğŸ°|156|161|5786|(-87.968437, 41.624851, -87.397217, 42.07436)
986361365479739398|Tue Apr 17 21:50:49 +0000 2018|Art Chat Daddy Sims|@BrettsMom_Mngr @WVON1690 @TheEllenShow Great job last night! Very proud!|0|April Jones|2687|2364|4052|(-87.968437, 41.624851, -87.397217, 42.07436)
986361382269587456|Tue Apr 17 21:50:53 +0000 2018|Simon the Dutchman|@Germanhammer6 @NPR Perhaps they could do both- isnâ€™t the White House a pretty appropriate place to conduct businesâ€¦ https://t.co/pWagSC7rBo|0|maximus|802|855|10393|(-87.968437, 41.624851, -87.397217, 42.07436)
986361384085704706|Tue Apr 17 21:50:54 +0000 2018|Oliver Maha|@pmnangagwa @ChrisCoons @CoryBooker @zwtu @muwanikrissy @JLoudly @MatricksDeCoder @Mashedza @hwende @kevykufee24â€¦ https://t.co/KPlDvvmzRs|0|Plaedian Mnangagwa ğŸ‡¿ğŸ‡¼|1590|2950|11254|(-87.968437, 41.624851, -87.397217, 42.07436)
986361433809215489|Tue Apr 17 21:51:06 +0000 2018|Libb|@Jenn_Anderson04 OUR FAV https://t.co/r21ypEKl49|0|Jennica Anderson|1509|4344|17863|(-87.968437, 41.624851, -87.397217, 42.07436)
986361458106740737|Tue Apr 17 21:51:11 +0000 2018|Michael Towns|@TheOnion And by God are you per chance referencing that Pimp who hustles across 110th Street in Harlem? ğŸ˜†|0|The Onion|88|325|1730|(-87.968437, 41.624851, -87.397217, 42.07436)
986361482580496385|Tue Apr 17 21:51:17 +0000 2018|ashh ğŸ‡§ğŸ‡¿|@VanniRov Two a we then.|0|Rovanni|195|127|2056|(-87.968437, 41.624851, -87.397217, 42.07436)
986361518576070658|Tue Apr 17 21:51:26 +0000 2018|Jeremy Hawke|@HTC_TaylorHil Hey Taylor I just wanted to say that you are 1 of the most beautiful and prettiest girls in the world ğŸ˜ğŸ˜|0|HTC_Taylor Hil|2348|3821|10538|(-87.968437, 41.624851, -87.397217, 42.07436)
986361525068812288|Tue Apr 17 21:51:27 +0000 2018|Chelsea Critchfield|@amotteler0770 He did that to me last night ğŸ˜‚|0|Ashley Motteler|261|75|2509|(-87.968437, 41.624851, -87.397217, 42.07436)
986361543582461952|Tue Apr 17 21:51:32 +0000 2018|Cash Fawsett|@imbreezydavis Shop with me at PopularHair Brand https://t.co/zQDVEDkhgj|0|Breezy Davis ğŸ¦‹|977|725|13154|(-87.968437, 41.624851, -87.397217, 42.07436)
986361551002243072|Tue Apr 17 21:51:34 +0000 2018|Chicago Cares|Turn on the radio, turn on the news ğŸ“» @ChicagoCares CEO JennÃ© Myers is live tonight 7:30pm with @chatdaddy listen aâ€¦ https://t.co/fBppYlH5DA|0|Chicago Cares|9875|3002|10035|(-87.968437, 41.624851, -87.397217, 42.07436)
986361581155078146|Tue Apr 17 21:51:41 +0000 2018|Sara Lee|@ChrisYoungMusic Oh,no thatâ€™s terrible ğŸ˜¢|0|ChrisYoungMusic|68|201|222|(-87.968437, 41.624851, -87.397217, 42.07436)
986361598733373440|Tue Apr 17 21:51:45 +0000 2018|Chicagojoe53|@TrumpDefined The day this MF leaves the Senate will be one of the greatest days in the history of the Congress!|0|TrumpDefinedğŸ¦…|60|94|8761|(-87.968437, 41.624851, -87.397217, 42.07436)
986361604181839873|Tue Apr 17 21:51:46 +0000 2018|Brad Franzen|@BarstoolBigCat People donâ€™t understand big J journalism|0|Big Cat|433|534|15453|(-87.968437, 41.624851, -87.397217, 42.07436)
986361610196406272|Tue Apr 17 21:51:48 +0000 2018|Mike Praznowski|@Cubs @DexterFowler He looked sharper in this red, tbh. https://t.co/GzkyUEbA5k|0|Chicago Cubs|1413|3281|68143|(-87.968437, 41.624851, -87.397217, 42.07436)
986361632371757057|Tue Apr 17 21:51:53 +0000 2018|gina marie|@funder Preach it Ted! What was that idiotically or ideology? What with the ppl who watch him it's both!|0|Scott Dworkin|70|602|2919|(-87.968437, 41.624851, -87.397217, 42.07436)
986361640500256768|Tue Apr 17 21:51:55 +0000 2018|Wungki Park|#AACR18 Very powerful presentation by Dr. @XShirleyLiu @harvardmed @DanaFarber @broadinstitute on #bigdataâ€¦ https://t.co/uLC5Wy81Pr|0|Xiaole Shirley Liu|293|266|892|(-87.968437, 41.624851, -87.397217, 42.07436)
986361649094373376|Tue Apr 17 21:51:57 +0000 2018|Rice Cube|@SouvenirCity Oh they allow reentry through the West Gate? I'll have to keep that in mind.|0|Adam|1434|630|148665|(-87.968437, 41.624851, -87.397217, 42.07436)
986361746725142529|Tue Apr 17 21:52:20 +0000 2018|The Puppet|@gmalindafidnetc @JonathanTurley Ya think she looked at the men's face ????????ğŸ˜‚ğŸ˜‚ğŸ˜‚ğŸ˜‚ğŸ˜‚ğŸ˜‚|0|linnett carlton|21|57|285|(-87.968437, 41.624851, -87.397217, 42.07436)
986361774311133185|Tue Apr 17 21:52:27 +0000 2018|Karen Young|@newsdoc @TPM No shit!!ğŸ˜‚ğŸ˜‚ğŸ˜‚|0|Avram Goldstein|649|1207|6399|(-87.968437, 41.624851, -87.397217, 42.07436)
986361781957419009|Tue Apr 17 21:52:29 +0000 2018|Tonya Moore|@SaveStallions @raypaulick @flysofree It seems like more than a few. The Secretariat Center got Ole Doc from her. Iâ€¦ https://t.co/Xwh4gGxa7S|0|Mary Adkins-Matthews|4033|3731|43637|(-87.968437, 41.624851, -87.397217, 42.07436)
986361804224950276|Tue Apr 17 21:52:34 +0000 2018|Candace Moore Hill|@JonathanMenon @JustStarTrek @StarTrek I remember liking that one a lot.|0|Jonathan Menon|993|1745|11976|(-87.968437, 41.624851, -87.397217, 42.07436)
986361817533501442|Tue Apr 17 21:52:37 +0000 2018|Cash Fawsett|@Itsjustindi Shop with me PopularHair Brand https://t.co/QIj3gZ2RzO|0|Ms. Phenty, B.A.|977|725|13155|(-87.968437, 41.624851, -87.397217, 42.07436)
986361837955502081|Tue Apr 17 21:52:42 +0000 2018|HollowCollections|S/o to @dangerookipawaa for putting together a squad|0|TOP DAWG #TDE|837|2216|9818|(-87.968437, 41.624851, -87.397217, 42.07436)
986361840069480450|Tue Apr 17 21:52:43 +0000 2018|James Snow ğŸºâ„ï¸|@brad_haas Just cause hereâ€™s a goalie doesnâ€™t mean I canâ€™t score https://t.co/ftWWlAQ7ne|0|Brad|1405|1060|28896|(-87.968437, 41.624851, -87.397217, 42.07436)
986361856255242240|Tue Apr 17 21:52:46 +0000 2018|Adamantium|@McBrideMusings I was agreeing with you actually. Weâ€™re the only styling service that isnâ€™t an algorithm.|0|Pierce McBride|197|255|9990|(-87.968437, 41.624851, -87.397217, 42.07436)
986361877260316672|Tue Apr 17 21:52:51 +0000 2018|Jeff Griebel|Drinking a Mood Ring W/ Strawberries by @beardedirisbrew at @jgreebs â€” https://t.co/PLWhfmKyHx|0|Bearded Iris Brewing|40|153|7913|(-87.968437, 41.624851, -87.397217, 42.07436)
986361884017352709|Tue Apr 17 21:52:53 +0000 2018|SMWC Athletics|"@NNiespodziany with line drive that goes off the pitcher's bare hand! ğŸ’¨ğŸ–ğŸš«âš¾ï¸ğŸ˜– 

Pomeroys take a 3-1!

#PomeroyPride"|0|Nicole Niespodziany|870|151|4093|(-87.968437, 41.624851, -87.397217, 42.07436)
986361905810984965|Tue Apr 17 21:52:58 +0000 2018|Richard Laya|@theILchronicle @BruceRauner Canâ€™t wait to vote him out. We need more Dem states to protect us from president shithole.|0|Illinois Chronicle|760|1327|12572|(-87.968437, 41.624851, -87.397217, 42.07436)
986361919480193024|Tue Apr 17 21:53:01 +0000 2018|mmm cofy|@princessnokia â€˜s A Girl Cried Red listens like a 2004 emo album (serious The Used and Evanescence vibes!!!) and hoâ€¦ https://t.co/O4RrhSiunA|0|Princess Nokia|348|707|9239|(-87.968437, 41.624851, -87.397217, 42.07436)
986361941839970305|Tue Apr 17 21:53:07 +0000 2018|G-thang|@xitlalixx Lmaaao that mans is smooth ganggg|0|xitlaliâœ¨|410|251|5642|(-87.968437, 41.624851, -87.397217, 42.07436)
986361972731142144|Tue Apr 17 21:53:14 +0000 2018|NavÃ¢n Pierre|@H3artl3ssPrinc3 Lmao pidd|0|Antoine|297|401|5935|(-87.968437, 41.624851, -87.397217, 42.07436)
986361980125663232|Tue Apr 17 21:53:16 +0000 2018|T.O.|Cameo - Word Up https://t.co/wgYhCKEhEs via @YouTube|0|YouTube|385|284|9580|(-87.968437, 41.624851, -87.397217, 42.07436)
986361998119243779|Tue Apr 17 21:53:20 +0000 2018|Î²Î”Îº jaron|@HalfJewish you really need to check your fucking privilege, colonizer|0|papito.|2244|365|123191|(-87.968437, 41.624851, -87.397217, 42.07436)
986362022119006208|Tue Apr 17 21:53:26 +0000 2018|Brandon Hines|After years of not playing #baseball @hines_chase takes one deep at his first at bat!! So close!â€¦ https://t.co/L09QMvblSC|0|Chase_Michael_Hines|298|656|708|(-87.968437, 41.624851, -87.397217, 42.07436)
986362027051573249|Tue Apr 17 21:53:27 +0000 2018|Cash Fawsett|@Scandalousmimi_ Shop with me PopularHair Brand https://t.co/cCSiiCeVku|0|Meems ğŸ‡­ğŸ‡¹|977|727|13156|(-87.968437, 41.624851, -87.397217, 42.07436)
986362039626059776|Tue Apr 17 21:53:30 +0000 2018|The Heritage|#tuesdayandtonic &amp; #dollaroysters - @JeppsonsMalort, @StGermainDrinks Elderflower, Cranberry, Lime &amp; @TFSpirits Kinâ€¦ https://t.co/ck01INLaAn|0|Jeppsons MalÃ¶rt|83|124|464|(-87.968437, 41.624851, -87.397217, 42.07436)
986362073570594816|Tue Apr 17 21:53:38 +0000 2018|iLL Tysh MovesğŸ•ºğŸ¾|@RGWompus Working on it ğŸ™ƒ|0|Heady Wompus LoFi edit|1309|659|52055|(-87.968437, 41.624851, -87.397217, 42.07436)
986362091199258624|Tue Apr 17 21:53:42 +0000 2018|bye|@FoxNews @SenateMajLdr @TeamCavuto Weâ€™re all entitled to our own stupid opinion! Politics has always been a choiceâ€¦ https://t.co/LygWEJfRo1|0|Fox News|44|257|833|(-87.968437, 41.624851, -87.397217, 42.07436)
986362091857641472|Tue Apr 17 21:53:43 +0000 2018|ChristieCanaria, PhD|Pennsylvania Dept of Health also helped w state funding for #biotech Find more help w @StateBios . #aacr18 room 1W1â€¦ https://t.co/HxdO38LixJ|0|CSBA|312|166|871|(-87.968437, 41.624851, -87.397217, 42.07436)
986362101391331329|Tue Apr 17 21:53:45 +0000 2018|RyderHolmes|@austin_1z i still donâ€™t think thatâ€™s a good prediction, 76ers love to play slower with joel in. and by the time stâ€¦ https://t.co/iy1rjV4EsR|0|Clampgodâ˜ ï¸|343|123|5372|(-87.968437, 41.624851, -87.397217, 42.07436)
986362107426951169|Tue Apr 17 21:53:46 +0000 2018|Drue46|4-12-18 Starbucks 911 Call, Dispatches and Officer Transmissions https://t.co/n1UFKyYeMO via @YouTube|0|YouTube|0|0|2|(-87.968437, 41.624851, -87.397217, 42.07436)
986362127827914752|Tue Apr 17 21:53:51 +0000 2018|DiamondInTheRough|Put the load on me I ainâ€™t scared of no pressure ğŸ’«ğŸ’‰ ğŸ“¸: @leotheleovisual #TrelloTimeâ€¦ https://t.co/04wUbdm5Ag|0|Leo The Leo Visuals|457|445|7455|(-87.968437, 41.624851, -87.397217, 42.07436)
986362141694464000|Tue Apr 17 21:53:54 +0000 2018|Jack's Chrome Shop|@joe_mast3 @JeffWhitinger @PeterbiltMotors @WayneMast82 Do it Joe... youâ€™re not that far away from us... you know yâ€¦ https://t.co/EhChBALA0D|0|Joe Mast|2614|2471|1006|(-87.968437, 41.624851, -87.397217, 42.07436)
986362152821886977|Tue Apr 17 21:53:57 +0000 2018|Nick Battista|@davidhogg111 @blackrock @Vanguard_Group Me waiting for @AndySwan to comment https://t.co/xBhFZbxFdK|0|David Hogg|3312|409|2879|(-87.968437, 41.624851, -87.397217, 42.07436)
986362177048150018|Tue Apr 17 21:54:03 +0000 2018|ğŸ’”|@rileyalessandra havenâ€™t seen u in a million years. Y dont u come to fubar and hang tomorrow . Thx|0|Riley Alessandra|16259|11211|19771|(-87.968437, 41.624851, -87.397217, 42.07436)
986362195196956672|Tue Apr 17 21:54:07 +0000 2018|SMWC Athletics|"@NNiespodziany with a line drive that goes off the pitcher's bare hand! Ouch..ğŸ’¨ğŸ–ğŸš«âš¾ï¸ğŸ˜– 

Pomeroys take a 3-1!

#PomeroyPride"|0|Nicole Niespodziany|870|151|4093|(-87.968437, 41.624851, -87.397217, 42.07436)
986362214167793664|Tue Apr 17 21:54:12 +0000 2018|benjamin garland|@TheRealJeffRuby Now thatâ€™s funny|0|Jeff Ruby|413|1633|7174|(-87.968437, 41.624851, -87.397217, 42.07436)
986362218148188160|Tue Apr 17 21:54:13 +0000 2018|MuggağŸ’°|Wya @lildurk ! Pull up zeek!|0|DURKIOOOğŸ¦…|378|409|20061|(-87.968437, 41.624851, -87.397217, 42.07436)
986362327070072832|Tue Apr 17 21:54:39 +0000 2018|Î²Î”Îº jaron|@HalfJewish lmfao|0|papito.|2244|365|123192|(-87.968437, 41.624851, -87.397217, 42.07436)
986362341448089600|Tue Apr 17 21:54:42 +0000 2018|character actress georgie rae|@AnthonyBLSmith sheaâ€™s verse is constantly stuck in my head|0|Anthony Smith|1601|1474|60330|(-87.968437, 41.624851, -87.397217, 42.07436)
986362358527352832|Tue Apr 17 21:54:46 +0000 2018|Keith Starr(axlzero)|@FemennenlyCV @WorldofWarships ok i need you to stay sick so i can play ships in peace|0|Fem @ Home|191|357|8507|(-87.968437, 41.624851, -87.397217, 42.07436)
986362378727149568|Tue Apr 17 21:54:51 +0000 2018|J-Money|@TheMattKnicks Glacier.|0|IG: @MattKnicks|482|1490|31626|(-87.968437, 41.624851, -87.397217, 42.07436)
986362381642104838|Tue Apr 17 21:54:52 +0000 2018|Brett|How Iâ€™m looking and dealing with  every person on this train with a @Starbucks cup https://t.co/tIxmsNSJSY|0|Starbucks Coffee|408|394|15998|(-87.968437, 41.624851, -87.397217, 42.07436)
986362396083212290|Tue Apr 17 21:54:55 +0000 2018|BaronessKandyK|@DavidSpade I love Elvis ğŸ•º, too. Donâ€™t let the youngsters get your goat. John Lennon said:  there would be no Beatles without Elvis.|0|David Spade|180|216|1179|(-87.968437, 41.624851, -87.397217, 42.07436)
986362415444058113|Tue Apr 17 21:55:00 +0000 2018|il padrino|@staceydarling07 Thanks otter he sure is .  He even knows tricks .  He can shake, hug, butt heads, speak , fetch nâ€¦ https://t.co/ZhyxsqXtuK|0|otter_s|293507|249028|12995|(-87.968437, 41.624851, -87.397217, 42.07436)
986362422175903744|Tue Apr 17 21:55:01 +0000 2018|Michael Heidemann|@angeles524 Dude has got to have his side hustle ğŸ¼|0|That Girl|605|270|3592|(-87.968437, 41.624851, -87.397217, 42.07436)
986362444191846400|Tue Apr 17 21:55:07 +0000 2018|HollowCollections|@kanyewest welcome back fam|0|KANYE WEST|837|2217|9819|(-87.968437, 41.624851, -87.397217, 42.07436)
986362463061991424|Tue Apr 17 21:55:11 +0000 2018|ğŸ˜ CrazzzyKen ğŸ˜|@DadInTheRaw @steph_the_twit He is sure a smart homeless guy.|0|It's Andy...|9353|6986|199813|(-87.968437, 41.624851, -87.397217, 42.07436)
986362476387360768|Tue Apr 17 21:55:14 +0000 2018|Simon the Dutchman|@LMG1953 @LouDobbs @Variety @realDonaldTrump And your an idiot|0|LMGH|802|855|10394|(-87.968437, 41.624851, -87.397217, 42.07436)
986362490350161920|Tue Apr 17 21:55:18 +0000 2018|Andy Wagner|@Pepeisyourdaddy @realDonaldTrump So you found the one picture where he's not holding the bottle with two hands?|0|Pepe|427|995|13932|(-87.968437, 41.624851, -87.397217, 42.07436)
986362502316511233|Tue Apr 17 21:55:20 +0000 2018|hey its campbell|every once in awhile ill remember that @travismcelroy said he loved my tattoo, specifically the colors and my heart skips a beat again|0|Travis, Overflowing With Gratitude|134|1040|729|(-87.968437, 41.624851, -87.397217, 42.07436)
986362507794231296|Tue Apr 17 21:55:22 +0000 2018|mmm cofy|@princessnokia is singlehandedly ushering in a new era of decolonial emo music and i am so alive|0|Princess Nokia|348|707|9240|(-87.968437, 41.624851, -87.397217, 42.07436)
986362535510269952|Tue Apr 17 21:55:28 +0000 2018|gnorth|@IronStache @DrDenaGrayson @hiral4congress You need to concentrate on your race. Debate @CathyMyersWI or get out of the race.|0|Randy Bryce|369|590|13179|(-87.968437, 41.624851, -87.397217, 42.07436)
986362545790439424|Tue Apr 17 21:55:31 +0000 2018|Phil Huber CFA, CFPÂ®|@syouth1 @_DannyNoonan2 Nope, never gets sick of the jokes. Right @_DannyNoonan2? ğŸ˜‚|0|Jeffrey Ptak|3807|629|3754|(-87.968437, 41.624851, -87.397217, 42.07436)
986362547661045760|Tue Apr 17 21:55:31 +0000 2018|DurAnthrocon|@comicsemz Atta girl!|0|SemJay|2234|1487|16553|(-87.968437, 41.624851, -87.397217, 42.07436)
986362588530401281|Tue Apr 17 21:55:41 +0000 2018|Big Cash Flash|@YazzyJP What I do now|0|YAZZY|1459|812|92471|(-87.968437, 41.624851, -87.397217, 42.07436)
986362601062961152|Tue Apr 17 21:55:44 +0000 2018|"Çá´‰lÊÊ ğŸ’§|107"|@ColleenB123 Aww this means so much to me. I love this ğŸ’œğŸ’œğŸ’œ|0|Colleen BallingerğŸ—|800|922|6303|(-87.968437, 41.624851, -87.397217, 42.07436)
986362651050725376|Tue Apr 17 21:55:56 +0000 2018|Abby Strange|@kimk_31 Iâ€™ll miss you dead or alive â¤ï¸ğŸ˜Š|0|kimberly|73|180|528|(-87.968437, 41.624851, -87.397217, 42.07436)
986362652938121217|Tue Apr 17 21:55:56 +0000 2018|ğŸ˜ CrazzzyKen ğŸ˜|@steph_the_twit For a few seconds I thought you already hated me. Itâ€™s hard to make friends with haters. Nice to meet you ğŸ˜˜ğŸ˜ğŸŒ¹ğŸ’|0|Stephanie Eng|9353|6986|199815|(-87.968437, 41.624851, -87.397217, 42.07436)
986362718704881666|Tue Apr 17 21:56:12 +0000 2018|bye|@laura_gentit @Need2Impeach And a fake!|0|Dragoness|44|257|834|(-87.968437, 41.624851, -87.397217, 42.07436)
986362739911208960|Tue Apr 17 21:56:17 +0000 2018|Jazmin|i had a dream that i met @daisymarquez_ ğŸ˜­|0|Daisy Marquez|76|86|864|(-87.968437, 41.624851, -87.397217, 42.07436)
986362741991596032|Tue Apr 17 21:56:18 +0000 2018|Watching the Throne, a Kanye West podcast|"@arellacinda Happy to hear that! You may then really enjoy our podcast or #TheYeezusBook that comes out June 18th!

https://t.co/cMamVuz1Vp"|0|Desiree|2629|5001|15690|(-87.968437, 41.624851, -87.397217, 42.07436)
986362753635020800|Tue Apr 17 21:56:20 +0000 2018|oaksfan|@DoocyTime @seanhannity Judge and jury?|0|â„ğ• ğ•˜ğ•¦ğ•– ğ•Šğ•¥ğ•–ğ•§ğ•– ğ”»ğ• ğ• ğ•”ğ•ª|102|252|523|(-87.968437, 41.624851, -87.397217, 42.07436)
986362782462435328|Tue Apr 17 21:56:27 +0000 2018|J. Clark|Growing up, we had @NPR on in my house every day literally for years. Eventually when I moved on, I still listenedâ€¦ https://t.co/vjOZtWzGE4|0|NPR|582|808|14008|(-87.968437, 41.624851, -87.397217, 42.07436)
986362814876004354|Tue Apr 17 21:56:35 +0000 2018|Andy Wagner|@Pepeisyourdaddy @realDonaldTrump Do you only speak in memes?|0|Pepe|427|995|13933|(-87.968437, 41.624851, -87.397217, 42.07436)
986362820303446022|Tue Apr 17 21:56:36 +0000 2018|$iLENt.kNiGHt|@DiegoG1622 Naw not the one in Chicago. https://t.co/qNtcwP0hrp|0|DIEGO|1269|635|52429|(-87.968437, 41.624851, -87.397217, 42.07436)
986362826636787712|Tue Apr 17 21:56:38 +0000 2018|ğŸŒ›j i g g l e ğŸ‘½ p h y s i c sğŸŒœ|@hungryphoapples @ShyGuySaysWhat I KNOW IM SO EXCITED AHHHHH|0|DEVğŸ”œGanjaWhiteNight|295|348|3113|(-87.968437, 41.624851, -87.397217, 42.07436)
986362833800777728|Tue Apr 17 21:56:39 +0000 2018|Rico Ripoly|@TheOutfitTX feel like this is the same convo we started having on knox-henderson in like 2014 bruv|0|âš”ï¸ TOTX âš”ï¸|1894|1519|22671|(-87.968437, 41.624851, -87.397217, 42.07436)
986362844487868417|Tue Apr 17 21:56:42 +0000 2018|Gretchen Beetner|@MegGardiner1 Screaming and car punching makes you hot.|0|Meg Gardiner|267|322|6692|(-87.968437, 41.624851, -87.397217, 42.07436)
986362844500381697|Tue Apr 17 21:56:42 +0000 2018|Bell ğŸ¤˜ğŸ¼|@baaabytaaay @SMFTampa Always bitch â¤ï¸â¤ï¸â¤ï¸|0|tay|1218|426|94744|(-87.968437, 41.624851, -87.397217, 42.07436)
986362845821587467|Tue Apr 17 21:56:42 +0000 2018|Dave Goush|@BrittMcHenry @ClayTravis and not all heroes look that excellent in that T-shirt either :)|0|Britt McHenry|441|2382|33737|(-87.968437, 41.624851, -87.397217, 42.07436)
986362863890690048|Tue Apr 17 21:56:47 +0000 2018|Jana Shellman|@CPeternell76 @realDonaldTrump Sit down and be quiet.|0|ğŸ¦…ğŸŒC.PeternellğŸŒğŸ¦…|3873|3021|141769|(-87.968437, 41.624851, -87.397217, 42.07436)
986362886510563330|Tue Apr 17 21:56:52 +0000 2018|rennihenna|@iHeartBJsA7X @tiffybbyyy I fucking love it when you expose these catfish Rock on sexy lady!|0|Ms. Mouth Hugs ğŸ’‹ğŸ‘…|411|380|12569|(-87.968437, 41.624851, -87.397217, 42.07436)
986362888997785606|Tue Apr 17 21:56:53 +0000 2018|Oliver Maha|@pmnangagwa @ChrisCoons @CoryBooker @zwtu @muwanikrissy @JLoudly @MatricksDeCoder @Mashedza @hwende @kevykufee24â€¦ https://t.co/UQ0Ivsq0BP|0|Plaedian Mnangagwa ğŸ‡¿ğŸ‡¼|1590|2950|11255|(-87.968437, 41.624851, -87.397217, 42.07436)
986362892986527744|Tue Apr 17 21:56:54 +0000 2018|Ghina Jammal|LMSA Seniors did a great job cleaning the street regardless of the cold weather today!!@LMSAEagles @fabughoushâ€¦ https://t.co/a6AYbQP1MG|0|Fadi Abughoush|13|30|61|(-87.968437, 41.624851, -87.397217, 42.07436)
986362889622736896|Tue Apr 17 21:56:53 +0000 2018|ChicagoFoodArtisans|@BallastPoint Fathom on tap at @BitterPops - fantastic! #IPA #Chicago #DrinkLocal https://t.co/0CNutUg7JK|0|Ballast Point Beer|398|229|530|(-87.968437, 41.624851, -87.397217, 42.07436)
986362895121436672|Tue Apr 17 21:56:54 +0000 2018|Adam L Stanley|Thanks @RobbieAb! https://t.co/SfpGvQsoj0|0|Robbie Abed|13973|6676|30063|(-87.968437, 41.624851, -87.397217, 42.07436)
986362932907970560|Tue Apr 17 21:57:03 +0000 2018|"Çá´‰lÊÊ ğŸ’§|107"|@ColleenB123 Thank you angel!!! I love you with all my heart!!! ğŸ’œğŸ’œğŸ’œğŸ’œ|0|Colleen BallingerğŸ—|800|922|6304|(-87.968437, 41.624851, -87.397217, 42.07436)
986362995348471814|Tue Apr 17 21:57:18 +0000 2018|Asad Zaman|@WalshFreedom @Starbucks What about me? Iâ€™m brown.|0|Joe Walsh|87|265|3109|(-87.968437, 41.624851, -87.397217, 42.07436)
986363005205143559|Tue Apr 17 21:57:20 +0000 2018|Cycy|@nickgraynews Shame am in USA for holidays but will be back Monday ğŸ™‹ğŸ»â€â™€ï¸ğŸ‡¬ğŸ‡§ğŸ’«|0|Nick Gray|749|692|6006|(-87.968437, 41.624851, -87.397217, 42.07436)
986363008434757635|Tue Apr 17 21:57:21 +0000 2018|SMWC Athletics|@kelsey_y1 with âœŒ RBI's!!|0|Kelsey Young|870|151|4094|(-87.968437, 41.624851, -87.397217, 42.07436)
986363008896176128|Tue Apr 17 21:57:21 +0000 2018|Julie Kelly|@WhiteMeatPride @davereaboi No lol. NeverTrump|0|Political Poultry|5723|1202|28849|(-87.968437, 41.624851, -87.397217, 42.07436)
986363011072970753|Tue Apr 17 21:57:22 +0000 2018|Chuck T|"@buffdaddy4life @blackgreg85

Everybody panic!!! https://t.co/eod6C49j7x"|0|AndrewBlack|48|208|2787|(-87.968437, 41.624851, -87.397217, 42.07436)
986363054731481093|Tue Apr 17 21:57:32 +0000 2018|Mike Thompson, MDPhD|#AACR18 Tue Hall C - #PrecisionMedicine - Baselâ€™s, Hyman, &amp; @VinayPrasadMD - Is Genome-Informed Cancer Medicine Genâ€¦ https://t.co/RfR93TybXG|0|Vinay Prasad|16323|3179|91659|(-87.968437, 41.624851, -87.397217, 42.07436)
986363075799474176|Tue Apr 17 21:57:37 +0000 2018|Kuma|@tymcmuffin Still not enough to bring me back. Hoping the next DLC will do for it what TTK did for D1|0|cool guy supreme âœ¨|423|178|13695|(-87.968437, 41.624851, -87.397217, 42.07436)
986363103880339456|Tue Apr 17 21:57:44 +0000 2018|Averis I. Anderson|I have a crush on @TEYANATAYLOR in real life...me...on Teyana!|0|TEYANA M.J. SHUMPERT|171|316|3866|(-87.968437, 41.624851, -87.397217, 42.07436)
986363178706784261|Tue Apr 17 21:58:02 +0000 2018|Tabitha ğŸ”®ğŸ’€ğŸ‘»|@cuntiechloe True tea ask Vince|0|em ğŸ•¯|136|100|715|(-87.968437, 41.624851, -87.397217, 42.07436)
986363188991098881|Tue Apr 17 21:58:04 +0000 2018|Jordan Pierce|@shanedawson This video was so heart felt and Iâ€™m excited that this happened. I feel as if my knowledge on blind peâ€¦ https://t.co/I1HsEOOjSh|0|Shane Dawson|104|171|973|(-87.968437, 41.624851, -87.397217, 42.07436)
986363188085248000|Tue Apr 17 21:58:04 +0000 2018|Metropolitan Brewing|Between this party and our smoked beer release (including even more @DMenTruck), Avondale is the place to be this Fâ€¦ https://t.co/elfpBxH7UW|0|DÃ¶nerMen|14320|1023|8999|(-87.968437, 41.624851, -87.397217, 42.07436)
986363222792994816|Tue Apr 17 21:58:12 +0000 2018|Baby Coop ğŸ‘¸|@Based_Flowmax Flow dont even get me started|0|Flow#14|576|326|27161|(-87.968437, 41.624851, -87.397217, 42.07436)
986363279076397061|Tue Apr 17 21:58:26 +0000 2018|SMWC Athletics|"SB | âš¾ï¸

End of the third

SMWC 5, @BresciaBearcats 1"|0|Brescia Bearcats|870|151|4095|(-87.968437, 41.624851, -87.397217, 42.07436)
986363303126622208|Tue Apr 17 21:58:31 +0000 2018|Jana Shellman|@mecjamd @CPeternell76 @DutchWondering @realDonaldTrump What in the hell nonsense have you swallowed now!|0|IrRESISTible|3873|3021|141770|(-87.968437, 41.624851, -87.397217, 42.07436)
986363311267696641|Tue Apr 17 21:58:33 +0000 2018|rennihenna|@iHeartBJsA7X @tiffybbyyy You have many skills ;)|0|Ms. Mouth Hugs ğŸ’‹ğŸ‘…|411|380|12570|(-87.968437, 41.624851, -87.397217, 42.07436)
986363315109679110|Tue Apr 17 21:58:34 +0000 2018|Steven â“‚ï¸|@mischievousnose It was but it has stopped working... have some dehydrated carrots Iâ€™m going to try which supposedly works in the same way.|0|Ringleaderofnothing|1004|949|22826|(-87.968437, 41.624851, -87.397217, 42.07436)
986363327298367488|Tue Apr 17 21:58:37 +0000 2018|Jeremy Hawke|@HTC_TaylorHil Hey Taylor I just wanted to say that you are 1 of the most beautiful and prettiest girls in the world ğŸ˜ğŸ˜|0|HTC_Taylor Hil|2348|3821|10538|(-87.968437, 41.624851, -87.397217, 42.07436)
986363328548212737|Tue Apr 17 21:58:37 +0000 2018|K Holliday|@JuliaGizzle Iâ€™m confusedğŸ˜‚ğŸ˜‚ğŸ˜­ğŸ˜­|0|Jooleeyaah|340|336|11790|(-87.968437, 41.624851, -87.397217, 42.07436)
986363332432154624|Tue Apr 17 21:58:38 +0000 2018|Sean Froelich|@BrittMcHenry @ClayTravis Is Clay still gonna debate Ta-Nehisi?|0|Britt McHenry|333|1963|4061|(-87.968437, 41.624851, -87.397217, 42.07436)
986363350018936832|Tue Apr 17 21:58:43 +0000 2018|King.|@fuxkrihanna I can only imagine her fracture and possible internal bleeding. I figured this would happen ğŸ˜|0|â™¿ï¸|732|451|137867|(-87.968437, 41.624851, -87.397217, 42.07436)
986363351625220096|Tue Apr 17 21:58:43 +0000 2018|Kentaro Yamada|Ahh I love it. Itâ€™s been only a year? It feels like longer time ago! Thanks again for this, @JpnCons_Chicago ğŸ™‡ğŸ»ğŸ™ğŸ’« https://t.co/ac8OsYMl2c|0|Consulate-Gen Japan|252|130|1466|(-87.968437, 41.624851, -87.397217, 42.07436)
986363355274338305|Tue Apr 17 21:58:44 +0000 2018|Â°Brittany TurnerÂ°|We got follow back ğŸ’šğŸ˜˜ w/ @megan_faye_11 https://t.co/vfw0wfaXe1|0|Meg ğŸ³ï¸â€ğŸŒˆ|1002|1148|24651|(-87.968437, 41.624851, -87.397217, 42.07436)
986363365969809408|Tue Apr 17 21:58:46 +0000 2018|Laurence Holmes|"@laurencomitor Stewart Cink had on a cap it went WAY wrong for him: https://t.co/Dxir9AyoiM

@curlyfro"|0|Lauren Comitor|66520|859|58675|(-87.968437, 41.624851, -87.397217, 42.07436)
986363453765050368|Tue Apr 17 21:59:07 +0000 2018|Mark L. Martin|Thrilled our @WEcomms #PDX home gets to once again host a fantastic @DesignWeekPDX discussion tomorrow night. If yoâ€¦ https://t.co/xviZrgwQVK|0|WE Communications|1008|966|1564|(-87.968437, 41.624851, -87.397217, 42.07436)
986363461344092160|Tue Apr 17 21:59:09 +0000 2018|Â°Brittany TurnerÂ°|Always , period @pnbrock ğŸ’š https://t.co/KtUGmPiUvF|0|PNBROCK|1002|1148|24652|(-87.968437, 41.624851, -87.397217, 42.07436)
986363474665230336|Tue Apr 17 21:59:12 +0000 2018|KrispeKitty â¤ï¸ğŸ¤“|@JudgeJeanine You every night after yer show https://t.co/77KcUxrQu6|0|Jeanine Pirro|932|499|19063|(-87.968437, 41.624851, -87.397217, 42.07436)
986363527328862208|Tue Apr 17 21:59:25 +0000 2018|Jack's Chrome Shop|For those not aware, owner of JCS @DavidColeman27 was a guest on the @itruckmedia â€œBlack Knightâ€™s Round Tableâ€ Showâ€¦ https://t.co/jRnG3pwvKC|0|David Coleman|2614|2471|1007|(-87.968437, 41.624851, -87.397217, 42.07436)
986363539060330497|Tue Apr 17 21:59:28 +0000 2018|Shorty|@JessicaDGilbert @Cubs Iâ€™m ready ğŸ‘ğŸ»ğŸ‘ğŸ»ğŸ‘ğŸ»ğŸ‘ğŸ»|0|JessğŸ»ğŸ’™âš¾ï¸â¤|1521|1480|3388|(-87.968437, 41.624851, -87.397217, 42.07436)
986363563156664321|Tue Apr 17 21:59:33 +0000 2018|Luke Bryan/Chase Elloitt fangirl|@LukeBryanCM I got news for you looser since YOU favorite my tweet. Again you are NOT a singer/songwritter ğŸ˜… oh wowâ€¦ https://t.co/yEmoG1sAhZ|0|Luke Bryan|1036|1886|19268|(-87.968437, 41.624851, -87.397217, 42.07436)
986363587747868672|Tue Apr 17 21:59:39 +0000 2018|Pam Weaver ğŸ‡ºğŸ‡¸|Only thing better than Tuesday with @therealroseanne would be if @RoseanneOnABC were an hour long! #Roseanne https://t.co/t29N3e8LYo|0|Roseanne Barr|94|200|2191|(-87.968437, 41.624851, -87.397217, 42.07436)
986363592663584768|Tue Apr 17 21:59:40 +0000 2018|@King456|#BlackOps4 really no campaign.... I gotta rethink this shit @CallofDuty|0|Call of Duty|63|223|560|(-87.968437, 41.624851, -87.397217, 42.07436)
986363613794525185|Tue Apr 17 21:59:45 +0000 2018|"Çá´‰lÊÊ ğŸ’§|107"|@xo_cmb_xo @colleenxswift @ColleenB123 @erik_stocklin @BallingerMom @implantedgamer @pixietangerineâ€¦ https://t.co/x83B9lekpN|0|Sarah// 18|802|923|6305|(-87.968437, 41.624851, -87.397217, 42.07436)
986363615258308608|Tue Apr 17 21:59:46 +0000 2018|National Public Housing Museum|@RepBobbyRush inspired us with his passion for racial equity, justice and social change.  His activism and belief iâ€¦ https://t.co/g6eXm7QTWE|0|Bobby L. Rush|768|783|1452|(-87.968437, 41.624851, -87.397217, 42.07436)
986363657939554304|Tue Apr 17 21:59:56 +0000 2018|Kyle Furtah|@ClubHouseGM @SenSanders Ironic? Or hypercritical!|0|Jeff Furtah|386|781|4107|(-87.968437, 41.624851, -87.397217, 42.07436)
986363679229792256|Tue Apr 17 22:00:01 +0000 2018|Courtney Schwerin|@RobbieLoucks I pretend that I donâ€™t relate to this, but I do. So much.|0|sir fucker|353|598|6712|(-87.968437, 41.624851, -87.397217, 42.07436)
986363680244862978|Tue Apr 17 22:00:01 +0000 2018|OreoChocoLatte|@OtaDee So basicly a gemini?|0|yjohan with a y and a j|0|13|11|(-87.968437, 41.624851, -87.397217, 42.07436)
986363730383556608|Tue Apr 17 22:00:13 +0000 2018|Mat Mettler|@NikNak722 Itâ€™s going to snow again here tomorrow! Huzzah!|0|NikNak|281|558|49039|(-87.968437, 41.624851, -87.397217, 42.07436)
986363733634093057|Tue Apr 17 22:00:14 +0000 2018|Lightskin Naija ğŸ‡³ğŸ‡¬|@Bangzisbomb Yea we capped hard asl. Mfs was telling me to just slide and everything was gone work out. I should have listened ğŸ˜­|0|ğŸ¦„|665|502|12177|(-87.968437, 41.624851, -87.397217, 42.07436)
986363744602279942|Tue Apr 17 22:00:17 +0000 2018|Randy|@seanhannity My 10 year old grandson wrote Mr Trump a letter asking him to fire James Comey, 6 days later it happenâ€¦ https://t.co/nNGrdCK7P3|0|Sean Hannity|20|43|171|(-87.968437, 41.624851, -87.397217, 42.07436)
986363793721778176|Tue Apr 17 22:00:28 +0000 2018|Andy Wagner|@FoxBusiness @realDonaldTrump @IvankaTrump @stevenmnuchin1 I'd rather clean all the bathrooms in Grand Central Station with my tongue.|0|FOX Business|427|995|13935|(-87.968437, 41.624851, -87.397217, 42.07436)
986363794854170624|Tue Apr 17 22:00:29 +0000 2018|Kevin|@sadfatkidd A fool.|0|SadFatKid|125|226|4495|(-87.968437, 41.624851, -87.397217, 42.07436)
986363823476166657|Tue Apr 17 22:00:35 +0000 2018|Katy Wilkins|@realDonaldTrump @TlrWorldWidellc Ha! A â€œfine gentlemanâ€ till he doesnâ€™t kiss your ass sufficiently, or fanboy allâ€¦ https://t.co/U4ZacYzyg7|0|Donald J. Trump|281|897|1669|(-87.968437, 41.624851, -87.397217, 42.07436)
986363838869237768|Tue Apr 17 22:00:39 +0000 2018|ğŸ˜ CrazzzyKen ğŸ˜|@K_inberea83 is so awesome|0|Keith J|9353|6986|199816|(-87.968437, 41.624851, -87.397217, 42.07436)
986363843428438016|Tue Apr 17 22:00:40 +0000 2018|ashh ğŸ‡§ğŸ‡¿|@SoulRebelxx Lol it serious|0|âœ¨Kenikoâœ¨|196|127|2057|(-87.968437, 41.624851, -87.397217, 42.07436)
986363854509748225|Tue Apr 17 22:00:43 +0000 2018|Becky Finfrock|Another afternoon on the road traveling for work ... figured @hollywilliams1 #TheHighway was a pretty fitting choicâ€¦ https://t.co/IyAEncTPHk|0|Holly Williams|2032|1930|2088|(-87.968437, 41.624851, -87.397217, 42.07436)
986363868069941250|Tue Apr 17 22:00:46 +0000 2018|Linze Rice|Loving that my hometown paper @Daily_Chronicle is also including resources for safe sex at bottom of story ğŸ‘ğŸ»ğŸ‘ğŸ»â€¦ https://t.co/fws1KLTpGp|0|Daily Chronicle|1689|944|5219|(-87.968437, 41.624851, -87.397217, 42.07436)
986363877993664517|Tue Apr 17 22:00:48 +0000 2018|Jordan Pierce|@shanedawson This was such a heart felt video and Iâ€™m happy that it happened. Iâ€™m glad that you were able to make sâ€¦ https://t.co/K7043hC9QM|0|Shane Dawson|104|171|973|(-87.968437, 41.624851, -87.397217, 42.07436)
986363890232709120|Tue Apr 17 22:00:51 +0000 2018|Origin Ventures|â€œThe customer should come first... which seems obvious, but is sometimes hard to do.â€ @Apptentive #MobilePMRoadshow|0|Apptentive|2494|1670|856|(-87.968437, 41.624851, -87.397217, 42.07436)
986363906510770176|Tue Apr 17 22:00:55 +0000 2018|ZoÃ© Airelle â™‰ï¸|ITS FUCKING HAPPENING @KyleMGlass https://t.co/czplakx3KD|0|Kyle Glass|1671|662|68860|(-87.968437, 41.624851, -87.397217, 42.07436)
986363911975792641|Tue Apr 17 22:00:57 +0000 2018|Blake Ferguson Photography|"People hate because it makes them feel better. 
 
[ @519Kustomz ] [ @ModelCatSolomon ]

#519kustomz #hummerâ€¦ https://t.co/ZOqm9ZQpJo"|0|519 Kustomz|558|62|2536|(-87.968437, 41.624851, -87.397217, 42.07436)
986363925678755840|Tue Apr 17 22:01:00 +0000 2018|lavish|@ElijahLamy happy birthday!ğŸ˜‹ğŸˆ|0|Eli Escobar|1669|505|58624|(-87.968437, 41.624851, -87.397217, 42.07436)
986363927167733760|Tue Apr 17 22:01:00 +0000 2018|Jazmin|@miguellovesmac hell yeah i pumped for 2.99 ğŸ¤¦ğŸ½â€â™€ï¸|0|Miguel ğŸ‡»ğŸ‡®|76|86|866|(-87.968437, 41.624851, -87.397217, 42.07436)
986363964165623808|Tue Apr 17 22:01:09 +0000 2018|"Çá´‰lÊÊ ğŸ’§|107"|@iitslexiii @ColleenB123 @erik_stocklin @BallingerMom @implantedgamer @pixietangerine @ballingerfamily @MissRBallerâ€¦ https://t.co/awGbRxHjuh|0|"Lexi | 109ğŸ—ğŸŒ»"|802|923|6307|(-87.968437, 41.624851, -87.397217, 42.07436)
986363970503233537|Tue Apr 17 22:01:10 +0000 2018|erin m|@Mikel_Jollett He doesn't have him as a lawyer. FYI since you're not very intelligent, you have to give someone a râ€¦ https://t.co/YYQcVt11Xx|0|Mikel Jollett|140|225|5199|(-87.968437, 41.624851, -87.397217, 42.07436)
986364014472187904|Tue Apr 17 22:01:21 +0000 2018|Andy Wagner|@Pepeisyourdaddy @realDonaldTrump Do you create these memes on the fly or do you save them on your phone?|0|Pepe|427|995|13936|(-87.968437, 41.624851, -87.397217, 42.07436)
986364019811475458|Tue Apr 17 22:01:22 +0000 2018|mickeyâ€™s caretaker|@bolinthomas This all depends on where youâ€™re going to be and where youâ€™re willing to travel.|0|Bargain Bin Witchâ„¢|432|385|21217|(-87.968437, 41.624851, -87.397217, 42.07436)
