986364157179019264|Tue Apr 17 22:01:55 +0000 2018|Brian Stumpf|"Congrats @opfreak15 üëèüëè

Early favorite for National Rating champion as well with a 147.12 at the regional üíØ‚ûï https://t.co/11h6YMZ3dS"|0|Owen Pappoe|16381|1777|15847|(-118.7235, 33.6946, -117.9294, 34.339)
986364161968947200|Tue Apr 17 22:01:56 +0000 2018|shannon üåª|@vicksy_ was hyping me up to kill it and when smacked it it fell and bumped into the tv. My dog, Vicky, and I were screaming for our lives.|0|v.|1405|925|58023|(-118.7235, 33.6946, -117.9294, 34.339)
986364180218302464|Tue Apr 17 22:02:00 +0000 2018|#VetsVsTheNRA üá∫üá∏ #FBR üéâ|Thank you, @SenatorShaheen #StopPompeo https://t.co/QLZG0xwMYm|0|Sen. Jeanne Shaheen|4433|2582|118737|(-118.7235, 33.6946, -117.9294, 34.339)
986364192323235840|Tue Apr 17 22:02:03 +0000 2018|Zehra Ahsan|I'm at San Francisco International Airport - @flysfo in San Francisco, CA https://t.co/JEpA6wGJyO|0|flySFO|264|352|4873|(-118.7235, 33.6946, -117.9294, 34.339)
986364198329303040|Tue Apr 17 22:02:05 +0000 2018|Charles Magda|@thefabe711 Thanks for Like &amp; RT @thefabe711.. üòÉ#RedWaveRising|0|Eric|298|52|14586|(-118.7235, 33.6946, -117.9294, 34.339)
986364204176125952|Tue Apr 17 22:02:06 +0000 2018|Jenny S.|@WSJ Pineapple is the best topping.|0|The Wall Street Journal|326|425|10190|(-118.7235, 33.6946, -117.9294, 34.339)
986364224619212801|Tue Apr 17 22:02:11 +0000 2018|Deleesa Carr|@katka1979 @GarbageFan98 @CBSDaytime @boldinsider @BandB_CBS @TheHunterTylo @Ronn_Moss Now this guy does look like‚Ä¶ https://t.co/ctN6L67U0q|0|Kit Kat|65|55|8065|(-118.7235, 33.6946, -117.9294, 34.339)
986364239727095810|Tue Apr 17 22:02:15 +0000 2018|Lil Foolish Shawty (smh)|@redlipsin Super happy for you guys üíóüíóüíó|0|Vanessa Herrera|549|397|25935|(-118.7235, 33.6946, -117.9294, 34.339)
986364259436191745|Tue Apr 17 22:02:19 +0000 2018|MIA‚ô°|@reeesesland Lmao girl last time i was so into i took that mf off|0|üèÅ|869|478|81714|(-118.7235, 33.6946, -117.9294, 34.339)
986364275823403008|Tue Apr 17 22:02:23 +0000 2018|DJ Soundwave|We‚Äôre at @thetroubadour tonight! Myself alongside @audratherapper !!! On the set for @janine‚Ä¶ https://t.co/Q5yypcsEfY|0|Troubadour|11945|1559|82233|(-118.7235, 33.6946, -117.9294, 34.339)
986364282572025856|Tue Apr 17 22:02:25 +0000 2018|Alan|Always good times with @putterksu #WhenWillPutterVisitNext???? @ California https://t.co/bu1YqLnxRe|0|Justin Richard Cady|215|199|1019|(-118.7235, 33.6946, -117.9294, 34.339)
986364284136337408|Tue Apr 17 22:02:25 +0000 2018|Chuck Maldonado|"I will be teaching tonight at @DRdancestudio 7pm. See you there. 
.
.
#ChuckOgraphy‚Ä¶ https://t.co/i9KP3sush7"|0|Debbie Reynolds|9344|1129|15817|(-118.7235, 33.6946, -117.9294, 34.339)
986364288695582720|Tue Apr 17 22:02:26 +0000 2018|Brenda B|@SenateGOP @GOPSenFinance @senorrinhatch This is fun to watch|0|Senate Republicans|695|842|8226|(-118.7235, 33.6946, -117.9294, 34.339)
986364288909565952|Tue Apr 17 22:02:26 +0000 2018|Tonya McKenzie|@sscott88 I have just been warned off of their crab dishes... so I‚Äôm waiting for more reviews!|0|sscott88|2787|4417|8293|(-118.7235, 33.6946, -117.9294, 34.339)
986364294890635265|Tue Apr 17 22:02:28 +0000 2018|Jacquie|@whorefortorture That man... ugh.|0|jimmie jimmie coco puffs|305|681|3538|(-118.7235, 33.6946, -117.9294, 34.339)
986364323919380480|Tue Apr 17 22:02:35 +0000 2018|jazmin de la rocha|@niko_Gee23 What are they!!!! You‚Äôre not the first person|0|Niko Gee|105|154|617|(-118.7235, 33.6946, -117.9294, 34.339)
986364326633095168|Tue Apr 17 22:02:35 +0000 2018|scottis.dead.5|"@repdinatitus @neighborworks ...didn't know you had that much $2 in you last year||:"|0|Dina Titus|15|642|1427|(-118.7235, 33.6946, -117.9294, 34.339)
986364329694871552|Tue Apr 17 22:02:36 +0000 2018|Elixir|"Hey @YesTheory 
This is my reply to your Instagram story post about swapping lives for a day. Hope you pick me! üòÄ‚Ä¶ https://t.co/EeVYqKxuur"|0|Yes Theory|1223|369|2287|(-118.7235, 33.6946, -117.9294, 34.339)
986364336733122561|Tue Apr 17 22:02:38 +0000 2018|Dreaming of Peace|@MsSmurphy @amazingfavors @JerryBrownGov He has destroyed California, you should see all the people living out of t‚Ä¶ https://t.co/vpGLgpGILY|0|üá∫üá∏Deplorable Me- #NotaBot üá∫üá∏|10275|11270|202035|(-118.7235, 33.6946, -117.9294, 34.339)
986364350679023616|Tue Apr 17 22:02:41 +0000 2018|watsky|@NativeRoots303 Come through to the show! How many slots you guys want?|0|Native Roots|159615|851|23958|(-118.7235, 33.6946, -117.9294, 34.339)
986364351706685440|Tue Apr 17 22:02:41 +0000 2018|Kenyatta D. Berry|@CleverTitleTK @EvanDaltonSmith Let me know how I can help #resistancegenealogy. I collect receipts for fun. üòÄ #genealogy #ancestry|0|Jennifer Mendelsohn|2698|469|4028|(-118.7235, 33.6946, -117.9294, 34.339)
986364355259199488|Tue Apr 17 22:02:42 +0000 2018|Heather Joy Martin|In regards to globalization of the @NFL, Shahid Khan says London is the best choice and part of that is selling the‚Ä¶ https://t.co/ERxlqwJtrC|0|NFL|2528|2914|17951|(-118.7235, 33.6946, -117.9294, 34.339)
986364357301886976|Tue Apr 17 22:02:43 +0000 2018|Tim|@jdmcguire Great job you two! Just brilliant.|0|J.D. McGuire|1349|308|26561|(-118.7235, 33.6946, -117.9294, 34.339)
986364367917613057|Tue Apr 17 22:02:45 +0000 2018|honeybadger|@itmebit i need u den|0|‚ô•Ô∏èj‚ô•Ô∏èf|510|237|28063|(-118.7235, 33.6946, -117.9294, 34.339)
986364388247351296|Tue Apr 17 22:02:50 +0000 2018|Bug Catcher Zane|@han_nahj That's the thing. I thought she was cute and I was absolutely floored that she was talking to me, but we‚Ä¶ https://t.co/60GHWjt3jg|0|Hannah J Flower|560|933|33675|(-118.7235, 33.6946, -117.9294, 34.339)
986364393121132544|Tue Apr 17 22:02:51 +0000 2018|Cal Poly Baseball|Leadoff guy @Alexjmckenna gets things going early with a single! #RideHigh|0|Alex McKenna|10184|170|8375|(-118.7235, 33.6946, -117.9294, 34.339)
986364410259161088|Tue Apr 17 22:02:55 +0000 2018|Sally Bennett|@HumaneSociety That‚Äôs so me today! #CancerSucks|0|The Humane Society of the United States|11|83|196|(-118.7235, 33.6946, -117.9294, 34.339)
986364413778149376|Tue Apr 17 22:02:56 +0000 2018|mharris2012|@1776Stonewall @pcswan Ya know it's sad when u have to learn how to be nice to people. Ridiculous|0|Stonewall Jackson|385|433|8091|(-118.7235, 33.6946, -117.9294, 34.339)
986364424159035392|Tue Apr 17 22:02:59 +0000 2018|Brenda Ruys|@Liz_Wheeler @caitie1877 Unbelievable|0|Liz Wheeler|187|122|4850|(-118.7235, 33.6946, -117.9294, 34.339)
986364434166833153|Tue Apr 17 22:03:01 +0000 2018|Dr. Mark W. Berry|@Vickyjeter4 @XrayJenkins @mitchellvii @BreitbartNews @realDonaldTrump I love it! Good one Vicky! ‚ÄúYo Mama‚Äôs Boy Ho‚Ä¶ https://t.co/rHthoI3Jlo|0|Vicky jeter|442|669|2383|(-118.7235, 33.6946, -117.9294, 34.339)
986364463019311105|Tue Apr 17 22:03:08 +0000 2018|debbieduncan|@DonnaWR8 @DarrellIssa The Friggin Blooming Idiots, slangs coming back to bite you in the butt..........lalala|0|DONNA WARREN üá∫üá∏|32|89|796|(-118.7235, 33.6946, -117.9294, 34.339)
986364481071562752|Tue Apr 17 22:03:12 +0000 2018|pinguino üêß|@stedman_rh I was early and then my biggest client never mailed the 1099 and I was just waiting. Also crypto shit is confusing|0|Stedman Halliday|3482|1414|36581|(-118.7235, 33.6946, -117.9294, 34.339)
986364481872605184|Tue Apr 17 22:03:12 +0000 2018|#VetsVsTheNRA üá∫üá∏ #FBR üéâ|Yes, @SenatorShaheen gets it. #StopPompeo https://t.co/MT2YoPZZTN|0|Sen. Jeanne Shaheen|4433|2582|118738|(-118.7235, 33.6946, -117.9294, 34.339)
986364484536098816|Tue Apr 17 22:03:13 +0000 2018|Chinelo|@maria_odobo I missed you more dearie. Hope you're voting ooo|0|Maria Odobo|1127|388|14672|(-118.7235, 33.6946, -117.9294, 34.339)
986364490001170433|Tue Apr 17 22:03:14 +0000 2018|Roger|@Ohlalove_ @ChristinaMar10 @meowritza_san Anytime you see me in a picture and I‚Äôm smiling, probably cause I‚Äôm faded‚Ä¶ https://t.co/RlsS9oeeBK|0|jessü•Ä|517|660|6610|(-118.7235, 33.6946, -117.9294, 34.339)
986364493776109569|Tue Apr 17 22:03:15 +0000 2018|Mike Carr|@AntiVirus093 Unlikely that it was a recent scrap. That's a shit load of money to just say meh never mind.|0|AntiVirus|114755|869|53029|(-118.7235, 33.6946, -117.9294, 34.339)
986364500759797760|Tue Apr 17 22:03:17 +0000 2018|Dan Litzinger|"#Repost galleries1988 with @repostapp
„Éª„Éª„Éª
Dan Litzinger didn‚Äôt toy around with his 30 Years‚Ä¶ https://t.co/ECcwt10HZr"|0|Repost|163|329|3111|(-118.7235, 33.6946, -117.9294, 34.339)
986364516085592064|Tue Apr 17 22:03:21 +0000 2018|Robyn Whitman|@redheadedsquid Exact same situation.|0|Rachel Haines|50|107|2090|(-118.7235, 33.6946, -117.9294, 34.339)
986364530107203584|Tue Apr 17 22:03:24 +0000 2018|The Afro-Blerd|@___annadiele Nah you make mistake üò≠üòÇ|0|-not ugochi-|683|514|30689|(-118.7235, 33.6946, -117.9294, 34.339)
986364544443269120|Tue Apr 17 22:03:27 +0000 2018|Pammy Jean Evans|@WalshFreedom @FoxNews @seanhannity Oh for heavens sake Joe is this all you have to post your hateful rhetoric. We‚Äô‚Ä¶ https://t.co/Ws6cNpVRfU|0|Joe Walsh|4712|4984|20869|(-118.7235, 33.6946, -117.9294, 34.339)
986364555138809856|Tue Apr 17 22:03:30 +0000 2018|Jmommyüíé|@_mxab cracks me up unexpected üòªüò≠üòÇ|0|Moetü§ûüèºü§ß|22|67|588|(-118.7235, 33.6946, -117.9294, 34.339)
986364582712172544|Tue Apr 17 22:03:36 +0000 2018|Nature Dro|@crystaljuarez94 @Jcruz_96 No chill tbh that's you smacking the kids? Lol|0|Crystal|295|2007|22265|(-118.7235, 33.6946, -117.9294, 34.339)
986364612151930880|Tue Apr 17 22:03:43 +0000 2018|Za√∫l|@vadhirderbez üôãüèª‚Äç‚ôÇÔ∏è urge !|0|Vadhir Derbez|203|227|97|(-118.7235, 33.6946, -117.9294, 34.339)
986364612416286720|Tue Apr 17 22:03:44 +0000 2018|Javo Arenas Patridge|I'm at The Original @FarmersMarketLa in Los Angeles, CA https://t.co/7KHmKiLhAR|0|Farmers Market, LA|685|412|11794|(-118.7235, 33.6946, -117.9294, 34.339)
986364616774074368|Tue Apr 17 22:03:45 +0000 2018|The New Music Buzz|.@bts_bighit Announce New Full-Length Album 'Love Yourself: Tear' To Be Released in May - THE NEW MUSIC BUZZ‚Ä¶ https://t.co/MomyTy2fm0|0|BTS_official|25816|1633|8834|(-118.7235, 33.6946, -117.9294, 34.339)
986364630158077955|Tue Apr 17 22:03:48 +0000 2018|Melinda|@horseychickstar @_zoemetz @ErnieBPhoto93 @AskRubenHow2Bet @LosPonies @ChristinaBlackr @BritneyEurton @DRFPrivman‚Ä¶ https://t.co/3BUABQlK4l|0|Teresa A. Del|224|324|2898|(-118.7235, 33.6946, -117.9294, 34.339)
986364641365278720|Tue Apr 17 22:03:50 +0000 2018|Sally Bennett|@Think_BlueLA Well that stinks!|0|Ron Cervenka|11|83|197|(-118.7235, 33.6946, -117.9294, 34.339)
986364643206508544|Tue Apr 17 22:03:51 +0000 2018|JohnRJohnson|@SenateMajLdr In honor of your refusal to allow a vote on a bill that endeavor to protect the Special Counsel from‚Ä¶ https://t.co/xlNJ4OHSTv|0|Leader McConnell|1174|225|14417|(-118.7235, 33.6946, -117.9294, 34.339)
986364652756975617|Tue Apr 17 22:03:53 +0000 2018|The Afro-Blerd|@___annadiele You need help|0|-not ugochi-|683|514|30690|(-118.7235, 33.6946, -117.9294, 34.339)
986364659560103936|Tue Apr 17 22:03:55 +0000 2018|Mike Doose|Kind of baffled I only just now started following @themattmeadow - where have I been?|0|matt... he's okay|676|702|2298|(-118.7235, 33.6946, -117.9294, 34.339)
986364660432617473|Tue Apr 17 22:03:55 +0000 2018|Nature Dro|@fabianvital Nah bro it's chill|0|fabianvital|295|2007|22266|(-118.7235, 33.6946, -117.9294, 34.339)
986364675846803456|Tue Apr 17 22:03:59 +0000 2018|Em Sheldon|@ArianaGrande You‚Äôre beautiful ‚ù§Ô∏è|0|Ariana Grande|35760|817|99314|(-118.7235, 33.6946, -117.9294, 34.339)
986364690514173952|Tue Apr 17 22:04:02 +0000 2018|Carl J. Petersen|@scottishwhisky @NRA @DICKS As @Potus and the @GOP bow to the #NRA, it is up to us to back the students who dared t‚Ä¶ https://t.co/DYi53TooL0|0|J|7293|7278|36273|(-118.7235, 33.6946, -117.9294, 34.339)
986364714816073728|Tue Apr 17 22:04:08 +0000 2018|Queen Medusa üßü‚Äç‚ôÄÔ∏èüß†üõ∏üë©üèº‚ÄçüöÄü§∑üèº‚Äç‚ôÄÔ∏è|@SpideyJ51 Food coma is the best make the sleep feel longer lol|0|Spidey Hernandez|193|545|841|(-118.7235, 33.6946, -117.9294, 34.339)
986364709463982080|Tue Apr 17 22:04:07 +0000 2018|Jenny S.|@NPCA @SecretaryZinke @NCascadesNPS @goskagit How, exactly, do you hike safely in bear territory? I'm all for bears‚Ä¶ https://t.co/E5top83xJf|0|National Parks Conservation Association|326|425|10192|(-118.7235, 33.6946, -117.9294, 34.339)
986364705332592640|Tue Apr 17 22:04:06 +0000 2018|URSA THE CHEF|"üö® ALERT üö®

MAY 2018.

üì∏ - @tvke.one https://t.co/orPaESUZp4"|0|Main ( TV ) Chalta H|677|646|3229|(-118.7235, 33.6946, -117.9294, 34.339)
986364727549870080|Tue Apr 17 22:04:11 +0000 2018|John|@the_bluejacket It's been way long!|0|Jeremy Wan|792|554|6754|(-118.7235, 33.6946, -117.9294, 34.339)
986364729760215040|Tue Apr 17 22:04:12 +0000 2018|Mike Carr|@JaceHall @Arclegger Looking good|0|Jace Hall|114755|869|53030|(-118.7235, 33.6946, -117.9294, 34.339)
986364734407557120|Tue Apr 17 22:04:13 +0000 2018|Panchita üíã|@dgotdajuicee she needs to get grounded|0|dmoneyüí∞|275|140|4088|(-118.7235, 33.6946, -117.9294, 34.339)
986364745639849984|Tue Apr 17 22:04:15 +0000 2018|fannie washington|How about this? @realDonaldTrump https://t.co/FChc6KTiWd|0|Donald J. Trump|252|456|35804|(-118.7235, 33.6946, -117.9294, 34.339)
986364752698933248|Tue Apr 17 22:04:17 +0000 2018|Body Art by Shaun|New tools for my fit family! Training gloves and wraps. sparta72 @gabsalvatore116‚Ä¶ https://t.co/4kMlF3sPfg|0|gab salvatore|42|33|875|(-118.7235, 33.6946, -117.9294, 34.339)
986364754439561216|Tue Apr 17 22:04:17 +0000 2018|Neil Deep|rewatching @HouseofCards .. what would be interesting is if the #RussoBros explorer a SOTU during an event involvin‚Ä¶ https://t.co/k6cshSvgx7|0|House of Cards|1022|938|14488|(-118.7235, 33.6946, -117.9294, 34.339)
986364765810249728|Tue Apr 17 22:04:20 +0000 2018|Elixir|@rickyberwick All you have to do is record a 1-2 minute beat with your mic? And can you film yourself doing it? That would be amazing! üòÄ|0|Ricky Berwick|1223|369|2289|(-118.7235, 33.6946, -117.9294, 34.339)
986364791928180738|Tue Apr 17 22:04:26 +0000 2018|Dustin ohara|@HeartEyes4Brady To a secrets place|0|üíôüíõüé∂üéß RK üñ§‚ô•Ô∏èüá∫üá∏|1612|2325|81315|(-118.7235, 33.6946, -117.9294, 34.339)
986364804603379713|Tue Apr 17 22:04:29 +0000 2018|Mura|@ippennokuinashi How much farther are you from your old place? When I think Torrance I think super far. Haha|0|Ed „É°„Éá„Ç•„Éº„Çµ„Ç™„É´„ÇøÂÆüË£Ö„ÅØ„Çà|347|410|28530|(-118.7235, 33.6946, -117.9294, 34.339)
986364818981466112|Tue Apr 17 22:04:33 +0000 2018|shannon üåª|@vicksy_ I hate ur brother for not killing it for me. Smh|0|v.|1405|925|58026|(-118.7235, 33.6946, -117.9294, 34.339)
986364829035184128|Tue Apr 17 22:04:35 +0000 2018|Patrick James Lynch|From @ShuaBragg- This World #Hemophilia Day I‚Äôm happy to be on set filming the new season of Stop the Bleeding!, ou‚Ä¶ https://t.co/861UaGKhKL|0|Shua Bragg|3256|625|17790|(-118.7235, 33.6946, -117.9294, 34.339)
986364835649613825|Tue Apr 17 22:04:37 +0000 2018|K-EARTH 101|#KEARTH101 - Keeping drivers from exploding since 1972! Thanks for the love this morning @bryanaholly ‚ù§Ô∏è‚úåÔ∏è https://t.co/dFRd1CrqrT|0|Bryana Holly|7869|1023|57418|(-118.7235, 33.6946, -117.9294, 34.339)
986364850774228992|Tue Apr 17 22:04:40 +0000 2018|kcvinweho|@Starbucks Blah blah blah STFU! This is NOT an adequate response to an action that was clearly representative of yo‚Ä¶ https://t.co/pi0FczzUo0|0|Starbucks Coffee|699|540|40084|(-118.7235, 33.6946, -117.9294, 34.339)
986364855602106369|Tue Apr 17 22:04:42 +0000 2018|J. Liner|@SuckMyPauls_ Not me üò™|0|Paulito|770|747|9974|(-118.7235, 33.6946, -117.9294, 34.339)
986364865932488704|Tue Apr 17 22:04:44 +0000 2018|gabby|I got out of school and get in the car to IN MY BLOOD ON THE RADIO #ShawnMendes @ShawnMendes https://t.co/IEvRg1PmVH|0|Shawn Mendes|536|983|6676|(-118.7235, 33.6946, -117.9294, 34.339)
986364870042861568|Tue Apr 17 22:04:45 +0000 2018|Will ‚ÄúBan the Nazis‚Äù Clark üåπ|@portlandpadre I never rent a car here, I just Lyft everywhere. Also I never go anywhere but work and hotel so‚Ä¶‚Ä¶‚Ä¶.|0|DG|1526|1027|61288|(-118.7235, 33.6946, -117.9294, 34.339)
986364870386860032|Tue Apr 17 22:04:45 +0000 2018|Sally Bennett|@blazingxmexican Add me to the list.|0|Carlos|11|83|198|(-118.7235, 33.6946, -117.9294, 34.339)
986364881149374464|Tue Apr 17 22:04:48 +0000 2018|Peter Malcolm|"Animal rights groups condemn 'inhumane' use of bear to start #Russian league match¬†¬†' | via @telegraph‚Ä¶ https://t.co/9YG5LguGVy"|0|The Telegraph|12494|12334|68337|(-118.7235, 33.6946, -117.9294, 34.339)
986364887734468608|Tue Apr 17 22:04:49 +0000 2018|Bryan Kaplan|@Dr_Kent_Nelson @DevilsInsiders I echo Mr. Kent on his statement. üëèüèªüòà|0|Kent Nelson|559|306|10343|(-118.7235, 33.6946, -117.9294, 34.339)
986364913516990465|Tue Apr 17 22:04:55 +0000 2018|Stefan Caderao|First class back since my surgery and I‚Äôm glad it was this one! Thanks @anthonyvibal for the‚Ä¶ https://t.co/H4YGOmbt9z|0|anthony vibal|1247|1446|32109|(-118.7235, 33.6946, -117.9294, 34.339)
986364921406357504|Tue Apr 17 22:04:57 +0000 2018|Tom Gauthier|@IvankaTrump @realDonaldTrump @stevenmnuchin1 Awesome thank you very much for all you do MAGA|0|Ivanka Trump|2369|3098|10119|(-118.7235, 33.6946, -117.9294, 34.339)
986364929388175360|Tue Apr 17 22:04:59 +0000 2018|Stevie B Kim|'the 3 Knockdown Rule' with @MarioLopezExtra , we go over the latest on GGG/Canelo, the upcoming SHO card and a dis‚Ä¶ https://t.co/qucJUuNlgr|0|Mario Lopez|35305|543|334283|(-118.7235, 33.6946, -117.9294, 34.339)
986364932068327426|Tue Apr 17 22:05:00 +0000 2018|cryptocy|@TheCryptoLark We talk about it on our news come check us lark! https://t.co/toRjgltWmO|0|The Crypto Lark|74|316|134|(-118.7235, 33.6946, -117.9294, 34.339)
986364941140574208|Tue Apr 17 22:05:02 +0000 2018|TreePeople|"Tweet and plant a tree! 
@TMobile is going all in for #EarthDay ‚Äì for everyone who tweets #TREEmobile today, they w‚Ä¶ https://t.co/xC9fBOAzfz"|0|T-Mobile|10936|2449|8772|(-118.7235, 33.6946, -117.9294, 34.339)
986364954310660096|Tue Apr 17 22:05:05 +0000 2018|Kirby|@A_BrownRecluse There's a decent remix on YouTube with Grinch animation called Summer by Vanilla if you're interested|0|Fire-Fist ‚í∂bel|1067|728|52459|(-118.7235, 33.6946, -117.9294, 34.339)
986364960404992000|Tue Apr 17 22:05:06 +0000 2018|‚ùÑÔ∏èTurner‚ùÑÔ∏èüí™üèºüá∫üá∏|@a_fly_guy @rhonda_harbison @GovernorKayIvey No, they‚Äôll just take all our donor money.....|0|üíÄùï∑ùñÜùñóùñò‚ùÑÔ∏èüá≥üá¥#FBRüá∫üá∏üåçüåà|4229|4985|62188|(-118.7235, 33.6946, -117.9294, 34.339)
986364959847149568|Tue Apr 17 22:05:06 +0000 2018|Gabriel Flores|@RaidersBeat @RAIDERS Bowman|0|Raiders Beat|41|184|690|(-118.7235, 33.6946, -117.9294, 34.339)
986364970966237184|Tue Apr 17 22:05:09 +0000 2018|Dr. Mark W. Berry|@XrayJenkins @mitchellvii @Vickyjeter4 @BreitbartNews @realDonaldTrump I love it! Good one Vicky! ‚ÄúYo Mama‚Äôs Boy Ho‚Ä¶ https://t.co/3eWeGSAV3E|0|Yo Mama's House|445|670|2385|(-118.7235, 33.6946, -117.9294, 34.339)
986364993028292608|Tue Apr 17 22:05:14 +0000 2018|H.B.Y.|@AllxBalck @HousePhon3 This is a friendly reminder for why I don‚Äôt understand the appeal of trolling.|0|TuxEnt|1706|1538|115455|(-118.7235, 33.6946, -117.9294, 34.339)
986365013655891968|Tue Apr 17 22:05:19 +0000 2018|Cous Cous|"@devin_devona UPLOAD A SCREENSHOT YOU FUCK
SOME OF US AREN'T PRIVILEGED"|0|Devin|409|344|24674|(-118.7235, 33.6946, -117.9294, 34.339)
986365015476158464|Tue Apr 17 22:05:20 +0000 2018|jules|@MayorOfLA @PaulKrekorian @BobBlumenfield @davideryu @MRodCD7 @CurrenDPriceJr @MikeBoninLA @JoeBuscaino More ACTION‚Ä¶ https://t.co/vIKr9AGtuN|0|Mayor Eric Garcetti|1135|1096|8244|(-118.7235, 33.6946, -117.9294, 34.339)
986365020039667714|Tue Apr 17 22:05:21 +0000 2018|Moises Bournigal|If guys need an extra hand for content creating today, I got guys, just DM me @Voldesad @JacobK_Cx @ArchonBackspace ü§ôüèº|0|Voldesad|3995|14|33|(-118.7235, 33.6946, -117.9294, 34.339)
986365021314678785|Tue Apr 17 22:05:21 +0000 2018|üòà Dr. Nick Venablesüå∂|@rzzfrancesca Some people don‚Äôt understand that you can support him 100% and SIMULTANEOUSLY be willing to criticize‚Ä¶ https://t.co/0Gduwpe15t|0|Francesca|709|838|3228|(-118.7235, 33.6946, -117.9294, 34.339)
986365032358232064|Tue Apr 17 22:05:24 +0000 2018|Cody Lee|@DerntBlernk Do tell. What does it say? üòÇ|0|‚òòÔ∏è erin ‚òòÔ∏è|62|312|733|(-118.7235, 33.6946, -117.9294, 34.339)
986365038419099648|Tue Apr 17 22:05:25 +0000 2018|IS MY SHIT TIGHT? üåé|@goSwaeLee Ay let us hit the streets with it the day before it drops?! Fairfax/Melrose Area.|0|Swae Lee Lee Swae|2480|472|36610|(-118.7235, 33.6946, -117.9294, 34.339)
986365044756660225|Tue Apr 17 22:05:27 +0000 2018|PetrosAndMoneyShow|@RogginAndRodney @mattmoneysmith @Theoldp @FredNBCLA @RodneyPeete9 We invented coverstation....|0|Roggin and Rodney|56191|1755|23817|(-118.7235, 33.6946, -117.9294, 34.339)
986365046417575936|Tue Apr 17 22:05:27 +0000 2018|MAD ETHNIC RIGHT NOW|@WeStandFor90 @TheCruzShow @Ninja @Drake @Logic301 @FortniteGame He sucks bro. Deal with it|0|AnotherUnsignedAll‚≠êÔ∏è|121|281|12937|(-118.7235, 33.6946, -117.9294, 34.339)
986365047030013952|Tue Apr 17 22:05:27 +0000 2018|Shane Daly|@MoraymaMSquared @JonAlpha2000 @RufioJJ @kenmikeglass @ShorealoneFilms Can I #Mansplain to you why mine are #better?! üôÑü§£|0|Morayma|2169|2269|16606|(-118.7235, 33.6946, -117.9294, 34.339)
986365053229154304|Tue Apr 17 22:05:29 +0000 2018|Lance A. Charles, Sr|@jazmineviktoria So happy to see you so beautiful and FREE!  Skilled. My greatest gift to you is Education, Legal F‚Ä¶ https://t.co/c7AtpIeJhV|0|‚ú®Jazmine Viktoria‚ú®|1753|2183|73299|(-118.7235, 33.6946, -117.9294, 34.339)
986365080513085440|Tue Apr 17 22:05:35 +0000 2018|Jim Hassinger|@JamesHibberd @aliasvaughn Now, that was my comic.|0|James Hibberd|318|1179|13562|(-118.7235, 33.6946, -117.9294, 34.339)
986365086280237056|Tue Apr 17 22:05:37 +0000 2018|Hippie Savage üîÆ|@TheSlimGoddess üëèüèΩüëèüèΩüëèüèΩ  I wish more parents were like this. Unfortunately, many of my students come from parents wh‚Ä¶ https://t.co/BLknBBGxEK|0|Lemon Cake‚ú®üá≠üáπ|316|223|35085|(-118.7235, 33.6946, -117.9294, 34.339)
986365090793320450|Tue Apr 17 22:05:38 +0000 2018|Neil Deep|@MarvelStudios please let me intern at burbank @MarvelStudios . üôèüèæüíØüåπüëåüèæ|0|Marvel Studios|1022|938|14489|(-118.7235, 33.6946, -117.9294, 34.339)
986365095167934464|Tue Apr 17 22:05:39 +0000 2018|Joseph Bien-Kahn|@russbengtson First rule of advertising: if you can make consumers think of exhaust when they think of your food, you do it|0|DO NOT CONGRATULATE|768|1241|5819|(-118.7235, 33.6946, -117.9294, 34.339)
986365108472315904|Tue Apr 17 22:05:42 +0000 2018|Monica Sweeney|@austinroman_ Nah fam|0|Austin|403|316|17034|(-118.7235, 33.6946, -117.9294, 34.339)
986365133445214208|Tue Apr 17 22:05:48 +0000 2018|DeRAY DAVIS: HOOD HERO|The homie @MaggieGrace on fear the walking dead dope!!!|0|Maggie Grace|901590|5249|91399|(-118.7235, 33.6946, -117.9294, 34.339)
986365160540356608|Tue Apr 17 22:05:54 +0000 2018|cryptocy|@DougPolkPoker I can‚Äôt stop laughing|0|Doug Polk|74|316|135|(-118.7235, 33.6946, -117.9294, 34.339)
986365162515906560|Tue Apr 17 22:05:55 +0000 2018|Wynn Wygal|At 2:49 PM on April 17th, 2018, my brother @Wygal_Official discovered #CardiB.  #history #herstory #onthisday https://t.co/EMpFQDyuIO|0|Will Wygal|454|438|6140|(-118.7235, 33.6946, -117.9294, 34.339)
986365166072741888|Tue Apr 17 22:05:56 +0000 2018|Mike Eversole|@SeedsHereNow No one has e mailed me back about an order I placed over a week ago.|0|SeedsHereNow - SHN|109|183|1039|(-118.7235, 33.6946, -117.9294, 34.339)
986365168174039040|Tue Apr 17 22:05:56 +0000 2018|JohnRJohnson|@PaulTho76491935 @adamcbest She won the popular vote by 3 million votes, which is exactly what the polls predicted.‚Ä¶ https://t.co/FNedumVHdm|0|Paul Thompson|1174|225|14418|(-118.7235, 33.6946, -117.9294, 34.339)
986365170774458368|Tue Apr 17 22:05:57 +0000 2018|Rob Young|@smoogymma IMO the Terez Owens one was the plant.|0|smoogy|819|1744|45419|(-118.7235, 33.6946, -117.9294, 34.339)
986365179083411458|Tue Apr 17 22:05:59 +0000 2018|Flythe|@kingtochee Lmfao. Facts actually|0|tochee_VII|1447|377|14638|(-118.7235, 33.6946, -117.9294, 34.339)
986365197508997120|Tue Apr 17 22:06:03 +0000 2018|Will ‚ÄúBan the Nazis‚Äù Clark üåπ|@portlandpadre It actually is. I need to go to the Getty some time and the Eames case study house. And Portos more.|0|DG|1526|1028|61289|(-118.7235, 33.6946, -117.9294, 34.339)
986365199115579393|Tue Apr 17 22:06:03 +0000 2018|Merrill Davis|Thank you @elizabethbanks for the  shoutout for tonight‚Äôs üî•witch huntüî• @thevirgil presented by‚Ä¶ https://t.co/COAwRDkAa1|0|Elizabeth Banks|3595|3230|10798|(-118.7235, 33.6946, -117.9294, 34.339)
986365202571538433|Tue Apr 17 22:06:04 +0000 2018|Danielle Perez|@SymoneJett it's a go!|0|Sym|3986|865|10606|(-118.7235, 33.6946, -117.9294, 34.339)
986365258494164992|Tue Apr 17 22:06:18 +0000 2018|Monica Sweeney|@austinroman_ Same üò™|0|Austin|403|316|17035|(-118.7235, 33.6946, -117.9294, 34.339)
986365268141068288|Tue Apr 17 22:06:20 +0000 2018|Asad Ayaz|Watch @Jon_Favreau, @Kevfeige, @Russo_Brothers, #SarahFinn, @RobertDowneyJr, @JamesGunn and the entire #MCU gang ta‚Ä¶ https://t.co/ZdlNV9radi|0|Jon Favreau|1860|220|6997|(-118.7235, 33.6946, -117.9294, 34.339)
986365276504580097|Tue Apr 17 22:06:22 +0000 2018|d-dawg|@bbycaitss Slushii duh|0|Caitlyn|1198|1059|38279|(-118.7235, 33.6946, -117.9294, 34.339)
986365284343660544|Tue Apr 17 22:06:24 +0000 2018|Lingo|@lobstercasey *Black Francis voice*|0|$5 Chili‚Äôs gift card|783|2219|24080|(-118.7235, 33.6946, -117.9294, 34.339)
986365299992682496|Tue Apr 17 22:06:27 +0000 2018|Deleesa Carr|@Tina__Garrett @katka1979 @GarbageFan98 @CBSDaytime @boldinsider @BandB_CBS @TheHunterTylo @Ronn_Moss Girl!!! Taylo‚Ä¶ https://t.co/rJtVOWL0gX|0|Tina Garrett|65|55|8066|(-118.7235, 33.6946, -117.9294, 34.339)
986365345827975169|Tue Apr 17 22:06:38 +0000 2018|MERomero|@amberGRR_ He really was üòá|0|Ambz‚ú®|227|415|8185|(-118.7235, 33.6946, -117.9294, 34.339)
986365331613466624|Tue Apr 17 22:06:35 +0000 2018|Gabriel Flores|@beau_clay @RaidersBeat @RAIDERS I kind of like that but hurst is a risk.  I know hes been cleared but heart conditions r no joke!|0|BEAU CLAY|41|184|691|(-118.7235, 33.6946, -117.9294, 34.339)
986365368875663360|Tue Apr 17 22:06:44 +0000 2018|lil cryptocurrency|@KABOOMxPOW agree with you 100%|0|@$H_V2.6.blockchain|9892|280|61738|(-118.7235, 33.6946, -117.9294, 34.339)
986365384268722176|Tue Apr 17 22:06:48 +0000 2018|David Gillanders|@dillonliam What‚Äôs their argument against? Admittedly haven‚Äôt kept up much with the opposition on this one.|0|Liam Dillon|144|312|955|(-118.7235, 33.6946, -117.9294, 34.339)
986365386177196032|Tue Apr 17 22:06:48 +0000 2018|Vincent Stalba|@QuitcherBitchyn @Twitter @TwitterMoments @TwitterVideo @TwitterSupport Here's a follow! Hope you are having a great year so far!|0|David Dean Bottrell|678|1089|3530|(-118.7235, 33.6946, -117.9294, 34.339)
986365396994289664|Tue Apr 17 22:06:51 +0000 2018|GeekMaster Jeff|@LRossSchCnslr Awesome! https://t.co/pbtVuHj3nN if people are interested. Supports @SchCnslrCommSch #scchat|0|Laura Ross|5174|1055|6463|(-118.7235, 33.6946, -117.9294, 34.339)
986365393248776192|Tue Apr 17 22:06:50 +0000 2018|Kari Shrode|@samanthaavega I saw someone throw a FULL McDonald‚Äôs bag of trash out their car window in front of me, like what ki‚Ä¶ https://t.co/qqoZk47fRU|0|S|839|1017|28987|(-118.7235, 33.6946, -117.9294, 34.339)
986365331613466624|Tue Apr 17 22:06:35 +0000 2018|Gabriel Flores|@beau_clay @RaidersBeat @RAIDERS I kind of like that but hurst is a risk.  I know hes been cleared but heart conditions r no joke!|0|BEAU CLAY|41|184|691|(-118.7235, 33.6946, -117.9294, 34.339)
986365427491094528|Tue Apr 17 22:06:58 +0000 2018|leanna ‚ú®|@brycefagan97 Can someone else enjoy this as much as I‚Äôm enjoying this|0|bryce|642|365|5087|(-118.7235, 33.6946, -117.9294, 34.339)
986365428283785216|Tue Apr 17 22:06:58 +0000 2018|Joey Kawaii|i love u @ArianaGrande|0|Ariana Grande|4612|206|7087|(-118.7235, 33.6946, -117.9294, 34.339)
986365432192843776|Tue Apr 17 22:06:59 +0000 2018|Louie V|Send me your address? @_EmbraceDisKush @luckyprincej https://t.co/qpSv1MwC1k|0|Leon ‚ôâÔ∏è|594|1631|15941|(-118.7235, 33.6946, -117.9294, 34.339)
986365440506019840|Tue Apr 17 22:07:01 +0000 2018|JD Martin|@OriginalFunko Winning one of those contests would sure be awesome....|0|Funko|89|417|1501|(-118.7235, 33.6946, -117.9294, 34.339)
986365441214787584|Tue Apr 17 22:07:01 +0000 2018|Amy Landon|@CynthiaStAubin Dude. We should meet up for spazz dancing, drinks and general shenanigans. The world could not hand‚Ä¶ https://t.co/HmlIh8M3Nm|0|Cynthia St. Aubin|1051|849|3961|(-118.7235, 33.6946, -117.9294, 34.339)
986365458122092544|Tue Apr 17 22:07:05 +0000 2018|kris|@writersdark more like https://t.co/gZbmx047rW|0|jara|5033|198|118894|(-118.7235, 33.6946, -117.9294, 34.339)
986365477902467072|Tue Apr 17 22:07:10 +0000 2018|Marvin Speller|@kspellermusic How‚Äôs it going with @Postmates @Postmates_Help Any resolution??|0|kristenspeller|14|29|48|(-118.7235, 33.6946, -117.9294, 34.339)
986365488308502528|Tue Apr 17 22:07:12 +0000 2018|Thom Fain üé∑|@kanyewest Damn @n_than_ The King Speaketh|0|KANYE WEST|806|363|5302|(-118.7235, 33.6946, -117.9294, 34.339)
986365490300796928|Tue Apr 17 22:07:13 +0000 2018|Brenda Ruys|@SavingAmerica4U Unbelievable|0|Saving America üî¥|187|122|4860|(-118.7235, 33.6946, -117.9294, 34.339)
986365495245864960|Tue Apr 17 22:07:14 +0000 2018|Vivian Provencio|@VP Yes!!!!! Thanks!|0|Vice President Mike Pence|211|303|1836|(-118.7235, 33.6946, -117.9294, 34.339)
986365522764742656|Tue Apr 17 22:07:21 +0000 2018|Ernie Belmonte|Artistic Diva working this morning. @KostaHronis https://t.co/33Iwwo4YWY|0|Kosta Hronis|1858|887|76201|(-118.7235, 33.6946, -117.9294, 34.339)
986365533397237760|Tue Apr 17 22:07:23 +0000 2018|Maris Bellamy|@aurora3s @SassyCassyCat @nesjloch @GingieCato @catsrule0 @sweetAbby20 @MuddlesDog @lucy_bunnies @BloomNight2‚Ä¶ https://t.co/kcVJpOpmjt|0|Captain Sammy|236|309|4260|(-118.7235, 33.6946, -117.9294, 34.339)
986365536228409344|Tue Apr 17 22:07:24 +0000 2018|Action Ando ‚ò†Ô∏è|@s8n I‚Äôm good Tuesday before 11am@but otherwise I‚Äôm tied up til the weekend|0|Satan|494|504|7533|(-118.7235, 33.6946, -117.9294, 34.339)
986365542943547392|Tue Apr 17 22:07:25 +0000 2018|JohnRJohnson|@thirdfaze @LynneAvVer @kylegriffin1 @RHeathervaughn Except that Sean Hannity insisted just yesterday that Michael‚Ä¶ https://t.co/iXbn1QW9YO|0|dyolf snibbor|1174|225|14419|(-118.7235, 33.6946, -117.9294, 34.339)
986365545644621825|Tue Apr 17 22:07:26 +0000 2018|cryptocy|@cryptoinvestsmt Building a New Crypto community https://t.co/toRjgltWmO|0|Crypto Invest Summit|74|318|136|(-118.7235, 33.6946, -117.9294, 34.339)
986365549549506560|Tue Apr 17 22:07:27 +0000 2018|Karan Wadhwa|@takeittoten It‚Äôs gotta be. What else could it be?|0|Dre Cooley|7364|449|11671|(-118.7235, 33.6946, -117.9294, 34.339)
986365569468280833|Tue Apr 17 22:07:32 +0000 2018|Henry Korman|@mmschocolate I have a really stellar idea for a new product like seriously next level stuff; could bring in huge a‚Ä¶ https://t.co/ecrkQjCkJY|0|M&M'S¬Æ Brand|862|260|35960|(-118.7235, 33.6946, -117.9294, 34.339)
986365580163694593|Tue Apr 17 22:07:34 +0000 2018|Jon Do|@leanna_decker @aperfectcircle What about Tool? APC keeps putting out new songs.|0|Leanna Decker|34|436|735|(-118.7235, 33.6946, -117.9294, 34.339)
986365582785130496|Tue Apr 17 22:07:35 +0000 2018|SassyGayMUAüçíüíÑ|What‚Äôs a good @MorpheBrushes for highlighter? Like what‚Äôs the one that everyone uses?|0|Morphe|2584|3657|52670|(-118.7235, 33.6946, -117.9294, 34.339)
986365587071811585|Tue Apr 17 22:07:36 +0000 2018|Alex wants musubi.|@yoganerdmd @Wyndgrove It will complement my gray hairs nicely then. #MissionAccomplishedIsh|0|YNMD Seeks Platonic Canadian Business Partner|312|440|52551|(-118.7235, 33.6946, -117.9294, 34.339)
986365594843820032|Tue Apr 17 22:07:38 +0000 2018|Cloud9 Tafo|"@TKbreezy I'd prefer if crouch cancel had a parry like mechanic to it as opposed to ""let's hold down and watch magic happen"""|0|TKbreezy: Season 4|33993|865|24747|(-118.7235, 33.6946, -117.9294, 34.339)
986365599193251840|Tue Apr 17 22:07:39 +0000 2018|Cassidy Rey|We could easily pass for twins @nick_rey1221 https://t.co/8qlVXzaQNw|0|Nick Rey|458|395|27968|(-118.7235, 33.6946, -117.9294, 34.339)
986365393248776192|Tue Apr 17 22:06:50 +0000 2018|Kari Shrode|@samanthaavega I saw someone throw a FULL McDonald‚Äôs bag of trash out their car window in front of me, like what ki‚Ä¶ https://t.co/qqoZk47fRU|0|S|839|1017|28987|(-118.7235, 33.6946, -117.9294, 34.339)
986365582785130496|Tue Apr 17 22:07:35 +0000 2018|SassyGayMUAüçíüíÑ|What‚Äôs a good @MorpheBrushes for highlighter? Like what‚Äôs the one that everyone uses?|0|Morphe|2584|3657|52670|(-118.7235, 33.6946, -117.9294, 34.339)
986365331613466624|Tue Apr 17 22:06:35 +0000 2018|Gabriel Flores|@beau_clay @RaidersBeat @RAIDERS I kind of like that but hurst is a risk.  I know hes been cleared but heart conditions r no joke!|0|BEAU CLAY|41|184|691|(-118.7235, 33.6946, -117.9294, 34.339)
986365533397237760|Tue Apr 17 22:07:23 +0000 2018|Maris Bellamy|@aurora3s @SassyCassyCat @nesjloch @GingieCato @catsrule0 @sweetAbby20 @MuddlesDog @lucy_bunnies @BloomNight2‚Ä¶ https://t.co/kcVJpOpmjt|0|Captain Sammy|236|309|4260|(-118.7235, 33.6946, -117.9294, 34.339)
986365611994374144|Tue Apr 17 22:07:42 +0000 2018|Ally Bolour|@realDonaldTrump As usual - you have no idea what you‚Äôre talking about.|0|Donald J. Trump|1340|937|28604|(-118.7235, 33.6946, -117.9294, 34.339)
986365612908675072|Tue Apr 17 22:07:42 +0000 2018|STEVEN T. E@STER|Happy Tuesday salute  .@PeaboBryson2 cheers https://t.co/fgvF6m6RVI|0|Peabo Bryson|20409|15925|459903|(-118.7235, 33.6946, -117.9294, 34.339)
986365594843820032|Tue Apr 17 22:07:38 +0000 2018|Cloud9 Tafo|"@TKbreezy I'd prefer if crouch cancel had a parry like mechanic to it as opposed to ""let's hold down and watch magic happen"""|0|TKbreezy: Season 4|33993|865|24747|(-118.7235, 33.6946, -117.9294, 34.339)
986365633267814400|Tue Apr 17 22:07:47 +0000 2018|cryptocy|@seanhannity Crypto News https://t.co/toRjgltWmO|0|Sean Hannity|74|318|137|(-118.7235, 33.6946, -117.9294, 34.339)
986365644370149377|Tue Apr 17 22:07:50 +0000 2018|Thom Chuparkoff|@Jaguars Mr. Khan and Tony speaking about progessive thinking and how innovation is important to the Jaguars and‚Ä¶ https://t.co/JYC92CmQFV|0|#DUUUVAL|177|469|787|(-118.7235, 33.6946, -117.9294, 34.339)
986365659079569408|Tue Apr 17 22:07:53 +0000 2018|vanilla bean frappe|@bhatesu BITCH. i‚Äôm screaming|0|Brittany|307|410|4154|(-118.7235, 33.6946, -117.9294, 34.339)
986365662195990528|Tue Apr 17 22:07:54 +0000 2018|Elixir|@rickyberwick What if you just make an extended reply of what you just sent me? Hehehe|0|Ricky Berwick|1223|369|2292|(-118.7235, 33.6946, -117.9294, 34.339)
986365668424470528|Tue Apr 17 22:07:55 +0000 2018|Caitlin Hernandez|"the truth is out, this is my final form ‚úäüêô

all of the horrible credit goes to @PsychoMarisa hate u, friend https://t.co/XVcrZgccIy"|0|Marisa|109|170|1029|(-118.7235, 33.6946, -117.9294, 34.339)
986365669510807552|Tue Apr 17 22:07:56 +0000 2018|Hunter Reis|@huuntaaa He was sent to save us all https://t.co/nUGiaRd5RX|0|Hunta Lipa|878|576|17573|(-118.7235, 33.6946, -117.9294, 34.339)
986365675911475200|Tue Apr 17 22:07:57 +0000 2018|HollywoodNewsWire|Hilton sisters @parishilton  @nickyhilton and janeseymour. Yes they wore same dress because of‚Ä¶ https://t.co/lqnPboB1Ek|0|Paris Hilton|41|8|109|(-118.7235, 33.6946, -117.9294, 34.339)
986365681041068033|Tue Apr 17 22:07:58 +0000 2018|st‚òÜci|@target sent Lucas this little onesie to wear on his first Target run ‚ù§Ô∏è ...starting at‚Ä¶ https://t.co/ddhtpNycmK|0|Target|1338|353|8707|(-118.7235, 33.6946, -117.9294, 34.339)
986365683637170176|Tue Apr 17 22:07:59 +0000 2018|Sasha Brens|"üö® TONIGHT üö® The GAME is on TUESDAY!! @DRdancestudio FREE 8-10p ALL AGES
.
Hosting: @seluvaia &amp;‚Ä¶ https://t.co/MesCi6Yg4j"|0|Debbie Reynolds|1007|671|3612|(-118.7235, 33.6946, -117.9294, 34.339)
986365705523118081|Tue Apr 17 22:08:04 +0000 2018|Leopold Stotch|@Neotek72 Wow makes me never want to go there|0|Richard M.|387|392|30740|(-118.7235, 33.6946, -117.9294, 34.339)
986365713186152448|Tue Apr 17 22:08:06 +0000 2018|Lance A. Charles, Sr|@jazmineviktoria Thank you. Always Love.|0|‚ú®Jazmine Viktoria‚ú®|1753|2183|73300|(-118.7235, 33.6946, -117.9294, 34.339)
986365724292599808|Tue Apr 17 22:08:09 +0000 2018|adelaüáµüá≠|@epitiffany Somewhere off in Hollywood! It wasn‚Äôt in any particular place i was just walking and saw it lol|0|bobabe ü¶ë|1267|373|6224|(-118.7235, 33.6946, -117.9294, 34.339)
986365725039185921|Tue Apr 17 22:08:09 +0000 2018|Rob Young|@smoogymma Maybe this one could be one too to create the appearance of a bidding war between NBC and Fox, but this‚Ä¶ https://t.co/QhMhMTOmvr|0|smoogy|819|1744|45420|(-118.7235, 33.6946, -117.9294, 34.339)
986365732861587456|Tue Apr 17 22:08:11 +0000 2018|John Buehler|@damians1101 87 minutes!|0|Damian|207|614|6012|(-118.7235, 33.6946, -117.9294, 34.339)
986365742047150080|Tue Apr 17 22:08:13 +0000 2018|Lilo üå∫|@SluttyEli feel better baby üíóüíó|0|Stitch ü¶ï|551|413|21709|(-118.7235, 33.6946, -117.9294, 34.339)
986365746509836288|Tue Apr 17 22:08:14 +0000 2018|JV|@TheRealJHair GTFO! Is this real? ü§¶üèΩ‚Äç‚ôÇÔ∏èüëéüèº|0|Jerry Hairston, Jr.|85|273|12488|(-118.7235, 33.6946, -117.9294, 34.339)
986365754823000064|Tue Apr 17 22:08:16 +0000 2018|.|@HateTheseFools She actually attended 2 high school as well as being home schooled. She didn't finish high school cuz of her music career.|0|RellyRell|5992|2241|327539|(-118.7235, 33.6946, -117.9294, 34.339)
986365765078020096|Tue Apr 17 22:08:18 +0000 2018|ALEX VERBA ~~~|@Carlos_Dangler @vfl_84 @krassenstein @ResistARMY @USAA Lying to the public for the sole purpose of inciting Violen‚Ä¶ https://t.co/b1NBjjlAuF|0|Carlos Dangler|4449|4938|43719|(-118.7235, 33.6946, -117.9294, 34.339)
986365766256574464|Tue Apr 17 22:08:19 +0000 2018|tammy lauren‚Äôs cooter shooterüåÆüî´|@Danielle2671 @fawfulfan so true. we need scientists to find the greed gene and turn it the fuck off.|0|D S|20242|5449|73472|(-118.7235, 33.6946, -117.9294, 34.339)
986365766453702657|Tue Apr 17 22:08:19 +0000 2018|Gabrielle|"forever mood

so happy my @RedSox are in town https://t.co/hgRyKkzOgp"|0|Red Sox|1083|818|23347|(-118.7235, 33.6946, -117.9294, 34.339)
986365773319831552|Tue Apr 17 22:08:20 +0000 2018|Hanschen Rilow|@TomeikaP @Starbucks They literally just said it is welcome for everyone. That‚Äôs the tweet you replied to. I work a‚Ä¶ https://t.co/RindjPbwgj|0|Tay|2|144|62|(-118.7235, 33.6946, -117.9294, 34.339)
986365776276865024|Tue Apr 17 22:08:21 +0000 2018|Karina Williams|@nickwill34 and I just did the most ridiculous run and high five thing passing each other in the middle of our scie‚Ä¶ https://t.co/gQzxyhXBpt|0|Nick Williams|313|411|2109|(-118.7235, 33.6946, -117.9294, 34.339)
986365783570722816|Tue Apr 17 22:08:23 +0000 2018|Hillary Bank$|@mike__woz I‚Äôm sorry, do I know you? Lol|0|Mike Woz|2552|597|61972|(-118.7235, 33.6946, -117.9294, 34.339)
986365793809022977|Tue Apr 17 22:08:25 +0000 2018|Dr. Mark W. Berry|@XrayJenkins @mitchellvii @Vickyjeter4 @BreitbartNews @realDonaldTrump I appreciate your watching my six Vicky, lik‚Ä¶ https://t.co/tJDKpaw44B|0|Yo Mama's House|446|670|2386|(-118.7235, 33.6946, -117.9294, 34.339)
986365811060125696|Tue Apr 17 22:08:29 +0000 2018|Caitlin üëë üîú Fanime|@steakpresident I‚Äôve said it before and I‚Äôll say it again: I‚Äôll fight anyone who has anything rude to say about my‚Ä¶ https://t.co/U2iyDgNXAS|0|Rose üåπ|188|213|25262|(-118.7235, 33.6946, -117.9294, 34.339)
986365811894857728|Tue Apr 17 22:08:30 +0000 2018|Alex Mendez|@TheWoodyShow I was gonna watch this video until I saw it was 10 min. https://t.co/btmZe594KD|0|The Woody Show|89|431|479|(-118.7235, 33.6946, -117.9294, 34.339)
986365827380264960|Tue Apr 17 22:08:33 +0000 2018|Action Ando ‚ò†Ô∏è|@xoGlitterTV I‚Äôve got some time Tuesday but otherwise I‚Äôm tied up til the weekend|0|Glitter|494|504|7534|(-118.7235, 33.6946, -117.9294, 34.339)
986365828864995328|Tue Apr 17 22:08:34 +0000 2018|thomas ùô°ùô§ùô´ùôöùôßboy‚Ñ¢|"Whiplash
Scott Pilgrim vs The World
Goodfellas
Moonrise Kingdom 

@bookshelf_belle @HeathrrMichelle @clarabellecows‚Ä¶ https://t.co/McKTrf7QRW"|0|eeveeüå∑|548|493|13662|(-118.7235, 33.6946, -117.9294, 34.339)
986365829301190656|Tue Apr 17 22:08:34 +0000 2018|Joe Azzopardi, CFP¬Æ|@thek_isntsilent I got you girl!|0|Michelle Knafla|86|63|71|(-118.7235, 33.6946, -117.9294, 34.339)
986365839321346048|Tue Apr 17 22:08:36 +0000 2018|Jason ODB Ballard|"DAMN! I own a Pulitzer Prize winner‚Äôs autograph ‚úèÔ∏è @kendricklamar of topdawgent üî• 
-
-
#LOYALTY‚Ä¶ https://t.co/W0uTawJcP8"|0|Kendrick Lamar|754|2198|12645|(-118.7235, 33.6946, -117.9294, 34.339)
986365878441668610|Tue Apr 17 22:08:45 +0000 2018|Jessie Velociraptor|@krainock Keep being an awesome working mom!! You have all my respect - I know that isn't easy, but you're in good‚Ä¶ https://t.co/08LvGSMYF4|0|Keri Rainock|4840|1802|85614|(-118.7235, 33.6946, -117.9294, 34.339)
986365885135798274|Tue Apr 17 22:08:47 +0000 2018|Leroy Johnson|.@EvidenceProf To your knowledge in CA if on a traffic stop officer's request to examine vehicle trunk refused, K9‚Ä¶ https://t.co/R9k5ufrMQI|0|Colin Miller|599|633|30534|(-118.7235, 33.6946, -117.9294, 34.339)
986365896288493568|Tue Apr 17 22:08:50 +0000 2018|Miguel|@SunsetSoFresh @tashalkaholiks That was my first alkaholiks album and I'll still run it a time or few a year. I enjoyed it|0|Special Girl, Real Good Girl|921|1947|109810|(-118.7235, 33.6946, -117.9294, 34.339)
986365907529183232|Tue Apr 17 22:08:52 +0000 2018|Ryan Sitton|@ConanOBrien I have|0|Conan O'Brien|42|242|159|(-118.7235, 33.6946, -117.9294, 34.339)
986365914118479872|Tue Apr 17 22:08:54 +0000 2018|1Take.Wheels|‚ÄúNever call a nigga my brother if he was afraid to pull that trigga‚Äù-@DomFromTheWestü§îüî•üíØ|0|1take.Dom|271|631|9439|(-118.7235, 33.6946, -117.9294, 34.339)
986365944342560768|Tue Apr 17 22:09:01 +0000 2018|H.B.Y.|@AllxBalck @HousePhon3 Text takes out the context of tone.|0|TuxEnt|1706|1538|115456|(-118.7235, 33.6946, -117.9294, 34.339)
986365958343221248|Tue Apr 17 22:09:04 +0000 2018|Miggs|@AppleSupport my watch isn‚Äôt tracking my workouts properly. I started two workouts, and it‚Äôs only tracked 16 minute‚Ä¶ https://t.co/5tvIEzI8Ti|0|Apple Support|328|366|20944|(-118.7235, 33.6946, -117.9294, 34.339)
986365959458861057|Tue Apr 17 22:09:05 +0000 2018|Gabrielle|"forever mood

so happy my @RedSox are in town https://t.co/IzddpLSyqj"|0|Red Sox|1083|818|23347|(-118.7235, 33.6946, -117.9294, 34.339)
986365948788490242|Tue Apr 17 22:09:02 +0000 2018|Beez|@Badmotortoe @NotMetalPod Moi. Drawn by a guy from Texas.|0|Brian|22489|105|111205|(-118.7235, 33.6946, -117.9294, 34.339)
986365964466905088|Tue Apr 17 22:09:06 +0000 2018|Andrei üì∑|I just realised @heyyyella  Is only 5 days older than me. üòÆ|0|Ella Mielniczenko|448|68|111|(-118.7235, 33.6946, -117.9294, 34.339)
986365966001946624|Tue Apr 17 22:09:06 +0000 2018|cryptocy|@CNBCFastMoney @Crypto_goat_ @BKBrianKelly Real down to the low ground crypto news https://t.co/toRjgltWmO|0|CNBC's Fast Money|74|318|138|(-118.7235, 33.6946, -117.9294, 34.339)
986365972175925248|Tue Apr 17 22:09:08 +0000 2018|mharris2012|@Rob98043 @jamesmbrandon @1776Stonewall Didn't no that Rob Thanks u learn something everyday üòÇ|0|Rob_FFD2|385|433|8092|(-118.7235, 33.6946, -117.9294, 34.339)
986365974658957312|Tue Apr 17 22:09:08 +0000 2018|Ggreg Chaille|Hey @DougStanhope podcast listeners, easily upgrade your life while waiting in any airport with @DollarShaveClub On‚Ä¶ https://t.co/8o75QUUj7U|0|Doug Stanhope|9465|95|4970|(-118.7235, 33.6946, -117.9294, 34.339)
986365994162470913|Tue Apr 17 22:09:13 +0000 2018|Jojothehoehoe :):|@shanedawson @lilmiquela was hacked on ig go see the tea|0|Shane Dawson|877|871|51266|(-118.7235, 33.6946, -117.9294, 34.339)
986366011208118272|Tue Apr 17 22:09:17 +0000 2018|Maris Bellamy|@aurora3s @Maggiehansell1 @SassyCassyCat @nesjloch @GingieCato @catsrule0 @sweetAbby20 @MuddlesDog @lucy_bunnies‚Ä¶ https://t.co/8mdOaKyzc4|0|Captain Sammy|236|309|4261|(-118.7235, 33.6946, -117.9294, 34.339)
986366019995287552|Tue Apr 17 22:09:19 +0000 2018|Quinnüñ§‚ù§Ô∏è|@susanalaraaa Ooohhhh shit ! Congrats!|0|Susana Alonso|818|958|33968|(-118.7235, 33.6946, -117.9294, 34.339)
986366059967012865|Tue Apr 17 22:09:29 +0000 2018|KRISTOPHER KIRSCH|@pajaclub Docking COCKS!|0|pajaclub|62|587|1133|(-118.7235, 33.6946, -117.9294, 34.339)
986366068976271360|Tue Apr 17 22:09:31 +0000 2018|H.B.Y.|@NRA @DICKS You guys at the NRA are nerds.|0|NRA|1706|1538|115457|(-118.7235, 33.6946, -117.9294, 34.339)
986366085082464256|Tue Apr 17 22:09:35 +0000 2018|Cloud9 Tafo|@TKbreezy Yea, otherwise you get hit normally|0|TKbreezy: Season 4|33993|865|24748|(-118.7235, 33.6946, -117.9294, 34.339)
986366088664432640|Tue Apr 17 22:09:35 +0000 2018|Tony Ross|@FirstGentleman I know the struggle bruh|0|Ma$on|734|660|18551|(-118.7235, 33.6946, -117.9294, 34.339)
986366115101093888|Tue Apr 17 22:09:42 +0000 2018|Mary YanYan Chan|"#hieroglyphic : the original #emojis 
@GettyMuseum https://t.co/jQPUspOK7h"|0|J. Paul Getty Museum|59|195|427|(-118.7235, 33.6946, -117.9294, 34.339)
986366121119965184|Tue Apr 17 22:09:43 +0000 2018|Ivana Cebrowski|"‚ÄúI pee with my backpack on‚Äù 
-@allyemss 
....girl wut"|0|A‚Ñì‚Ñì—É ‚úø üá≠üá≥|64|122|357|(-118.7235, 33.6946, -117.9294, 34.339)
986366127558152192|Tue Apr 17 22:09:45 +0000 2018|Daquido Bazzini|@foxandfriends @Jim_Jordan Never heard Big Don Trump lie?!....It happens as the clock ticks!...Those who condone ar‚Ä¶ https://t.co/RqjVe9OME1|0|FOX & friends|76|106|9837|(-118.7235, 33.6946, -117.9294, 34.339)
986366129424576513|Tue Apr 17 22:09:45 +0000 2018|Mike Carr|@OpTicCREATE @OpTicH3CZ If you have small shoulders and are under 6ft. Otherwise its people bumping into you and th‚Ä¶ https://t.co/OF3eZSmSri|0|OpTic Create|114755|869|53031|(-118.7235, 33.6946, -117.9294, 34.339)
986366133849567233|Tue Apr 17 22:09:46 +0000 2018|pinguino üêß|.@Nickf4rr is my favorite human today.|0|Nick Farr|3482|1414|36582|(-118.7235, 33.6946, -117.9294, 34.339)
986366136810795008|Tue Apr 17 22:09:47 +0000 2018|Pammy Jean Evans|@girl4_trump @hickorymtnman @realDonaldTrump Amen üôè|0|TrumpGirl4Life|4711|4984|20878|(-118.7235, 33.6946, -117.9294, 34.339)
986366138584936448|Tue Apr 17 22:09:47 +0000 2018|Christian|@___Jaacckkiiee @hensz__ Now that‚Äôs customer service|0|Jackie_Yslas|58|119|1334|(-118.7235, 33.6946, -117.9294, 34.339)
986366139365142528|Tue Apr 17 22:09:48 +0000 2018|Mark Rumsfeld|@Ejnarins shame on you for assigning motives to physicians in general and oversimplifying the complex relationship‚Ä¶ https://t.co/aH04s7CTES|0|Elizabeth Narins|25|35|318|(-118.7235, 33.6946, -117.9294, 34.339)
986366156133941248|Tue Apr 17 22:09:52 +0000 2018|ax|@foxxxEquiKnox Bring me wings sis|0|üëë|895|393|131616|(-118.7235, 33.6946, -117.9294, 34.339)
986366156607901696|Tue Apr 17 22:09:52 +0000 2018|Dephree|Tell the @EPA to stop letting neonic insecticides kill our birds and bees -- by April 21! #LetThemBee #NixNeonics https://t.co/oT2s9ka6Ax|0|U.S. EPA|32448|8832|1501|(-118.7235, 33.6946, -117.9294, 34.339)
986366159330017280|Tue Apr 17 22:09:52 +0000 2018|perlie yang|@phoebeecho @sheeellyyy You watched it?|0|Phoebe Cho|256|251|7256|(-118.7235, 33.6946, -117.9294, 34.339)
986366171862548480|Tue Apr 17 22:09:55 +0000 2018|Mura|@ippennokuinashi Oh damn. Not as far as I thought.|0|Ed „É°„Éá„Ç•„Éº„Çµ„Ç™„É´„ÇøÂÆüË£Ö„ÅØ„Çà|347|410|28531|(-118.7235, 33.6946, -117.9294, 34.339)
986366175780089856|Tue Apr 17 22:09:56 +0000 2018|harrison|@SkobelSnax for the most part, i'm an equal opportunity preventer of merging in front of me when the person has eit‚Ä¶ https://t.co/y2oJKYDzhC|0|Skobel Snax|284|94|7511|(-118.7235, 33.6946, -117.9294, 34.339)
986366179777298438|Tue Apr 17 22:09:57 +0000 2018|Dr. Mark W. Berry|@fidelisetmorten SEMPER Fi my brother!|0|William Lamb|446|672|2387|(-118.7235, 33.6946, -117.9294, 34.339)
986366115101093888|Tue Apr 17 22:09:42 +0000 2018|Mary YanYan Chan|"#hieroglyphic : the original #emojis 
@GettyMuseum https://t.co/jQPUspOK7h"|0|J. Paul Getty Museum|59|195|427|(-118.7235, 33.6946, -117.9294, 34.339)
986366186433667072|Tue Apr 17 22:09:59 +0000 2018|Vincent Stalba|@DanielleCasting You were mentioned last night by an agent at a showcase regarding maintaining and fostering relati‚Ä¶ https://t.co/YlhkS2zg0D|0|danielle Eskinazi|678|1089|3531|(-118.7235, 33.6946, -117.9294, 34.339)
986366211234529280|Tue Apr 17 22:10:05 +0000 2018|–º∆í üëπ|@PralleTrolley the sheets are from targets little boys bedding section and the duvet is from society 6!!|0|the frenchiest fry|9663|602|81943|(-118.7235, 33.6946, -117.9294, 34.339)
986366231870504962|Tue Apr 17 22:10:10 +0000 2018|Bru|@scurr100 When you gotta break it to your boy he missed the resurgence while he was AWOL üòÇ|0|üÖæÔ∏è|543|126|6932|(-118.7235, 33.6946, -117.9294, 34.339)
986366237465755648|Tue Apr 17 22:10:11 +0000 2018|Matthew Kacergis|@StephSForrer @SoiCapitolHill @SeattleRW I‚Äôm in LA!|0|Stephanie Forrer|583|1426|3522|(-118.7235, 33.6946, -117.9294, 34.339)
986366240288456704|Tue Apr 17 22:10:12 +0000 2018|carls|@tblairinit Lol you‚Äôre not wrong|0|Tyler Blair|232|152|2983|(-118.7235, 33.6946, -117.9294, 34.339)
986366247364313088|Tue Apr 17 22:10:13 +0000 2018|Anita Mantablo|@realDonaldTrump It must REALLY PISS YOU OFF that justice Goresuch voted to invalidate your immigration policy.|0|Donald J. Trump|2681|2350|18210|(-118.7235, 33.6946, -117.9294, 34.339)
986366257619525633|Tue Apr 17 22:10:16 +0000 2018|Joseph R. Bell|I'm at Cake and Art in West Hollywood, CA w/ @theltmgroup https://t.co/fLfYbCs9PV|0|LTM Group|1479|519|19595|(-118.7235, 33.6946, -117.9294, 34.339)
986366273557704705|Tue Apr 17 22:10:20 +0000 2018|(un)faithful|@loonysk @NikoWavyWavy we dropping 20 EACH|0|chinxz|1263|406|140553|(-118.7235, 33.6946, -117.9294, 34.339)
986366283049414656|Tue Apr 17 22:10:22 +0000 2018|kenkenyo|@winston_714 when tf we gonna go shoot glocks in the desert|0|winston thavone|551|262|9073|(-118.7235, 33.6946, -117.9294, 34.339)
986366284660011008|Tue Apr 17 22:10:22 +0000 2018|LaLanya Makala Smith|@ashleyjeann77 @siierrra_sage Ok but if he DID choke her, the hand around her neck is way too small, and there‚Äôs no‚Ä¶ https://t.co/X7U4P0TEz1|0|ash. üñ§|380|518|7328|(-118.7235, 33.6946, -117.9294, 34.339)
986366289017884673|Tue Apr 17 22:10:23 +0000 2018|Sarah‚ô™‚ô•‚öì|@c_donny_g @LaVelMann I just heard it. I threw up in my mouth a little.|0|donny.|308|227|11694|(-118.7235, 33.6946, -117.9294, 34.339)
986366301772759041|Tue Apr 17 22:10:26 +0000 2018|SassyGayMUAüçíüíÑ|@makeuplexyadig @MannyMua733 Thank you :‚Äô) ‚ù§Ô∏è|0|lexi|2584|3657|52672|(-118.7235, 33.6946, -117.9294, 34.339)
986366330453372928|Tue Apr 17 22:10:33 +0000 2018|ARüíï|My @EDC_LasVegas ticket has arrivedüôà|0|EDC|117|280|3187|(-118.7235, 33.6946, -117.9294, 34.339)
986366330759606272|Tue Apr 17 22:10:33 +0000 2018|Pammy Jean Evans|@DutyOfAPatriot Amen üôè|0|Lady Liberty|4711|4984|20880|(-118.7235, 33.6946, -117.9294, 34.339)
986366335423660032|Tue Apr 17 22:10:34 +0000 2018|Beandrea DANAI IS GOAT July|@wkamaubell @CNN Looking forward to the LACMA screening this week!|0|Warriors Kamau Bell|983|1964|6801|(-118.7235, 33.6946, -117.9294, 34.339)
986366340507160576|Tue Apr 17 22:10:36 +0000 2018|Melissaü¶Ñ// Todrick in LA may 19|@GabrielTaibi Awwww that makes my heartüò≠üíñ|0|Gabriel|329|903|8051|(-118.7235, 33.6946, -117.9294, 34.339)
986366352129585153|Tue Apr 17 22:10:38 +0000 2018|SISCOSKELLISM|@BailoBeatz Go make some Hardstyle|0|‚ö°Ô∏è BAILO ‚ö°Ô∏è|2497|894|2376|(-118.7235, 33.6946, -117.9294, 34.339)
986366360052678656|Tue Apr 17 22:10:40 +0000 2018|JohnRJohnson|"@PaulTho76491935 @adamcbest OHFUCK! Spread the word on your Troll Farm - it's YOUR president, not ""you're president"". FFS!"|0|Paul Thompson|1175|225|14420|(-118.7235, 33.6946, -117.9294, 34.339)
986366364901244928|Tue Apr 17 22:10:41 +0000 2018|–º∆í üëπ|@rebnalty RIGHT???? I went wild when I saw it....I love loony tunes so much but I never see other anime fans talk about it so I freaked haha|0|‚ú®Re[B]ecca Nalty‚ú®|9663|602|81944|(-118.7235, 33.6946, -117.9294, 34.339)
986366373344395264|Tue Apr 17 22:10:43 +0000 2018|Â•≥Á•û|@7sv7n Let‚Äôs do it bby|0|b|505|173|48855|(-118.7235, 33.6946, -117.9294, 34.339)
986366379128340480|Tue Apr 17 22:10:45 +0000 2018|Locomotiv Coaching|@gregerwinphoto #shenanigans. #cyclinglife #lifebehindbars @ Los Angeles, California https://t.co/inXa7fMi5O|0|Greg Erwin|105|141|749|(-118.7235, 33.6946, -117.9294, 34.339)
986366388884262912|Tue Apr 17 22:10:47 +0000 2018|nicoleee‚ò™|Do your loans go in deferment when you're in graduate school? @FAFSA|0|Federal Student Aid|339|596|30792|(-118.7235, 33.6946, -117.9294, 34.339)
986366392613060609|Tue Apr 17 22:10:48 +0000 2018|SassyGayMUAüçíüíÑ|@DocBenzedrine @MoxeeBrushes @MannyMua733 Thank you so much üò≠üò≠‚ù§Ô∏è|0|Just A Dog-Eared Page ‚òïÔ∏èLady of the Whorl|2584|3657|52673|(-118.7235, 33.6946, -117.9294, 34.339)
986366409507655680|Tue Apr 17 22:10:52 +0000 2018|melissa richards üåà|So #sourshoes was doing a funny bit on @HowardStern show today and Howard hung up on him because (in my opinion) he‚Ä¶ https://t.co/q2tXqJ93Ls|0|Howard Stern|79|52|6399|(-118.7235, 33.6946, -117.9294, 34.339)
986366407569948672|Tue Apr 17 22:10:52 +0000 2018|Jonathan Shen|@FitbitSupport Thank you. üòÄ|0|Fitbit Support|698|2563|9251|(-118.7235, 33.6946, -117.9294, 34.339)
986366412712067072|Tue Apr 17 22:10:53 +0000 2018|Stacy Rukeyser|@cortysporty @SchwartzApprovd I don‚Äôt even know her but the story makes me happy!|0|Cortney Norris|1357|582|1891|(-118.7235, 33.6946, -117.9294, 34.339)
986366414683488256|Tue Apr 17 22:10:53 +0000 2018|Jon Do|https://t.co/IZ757maplw I don't want it all, I just want something @leanna_decker|0|Leanna Decker|34|436|736|(-118.7235, 33.6946, -117.9294, 34.339)
986366421729820673|Tue Apr 17 22:10:55 +0000 2018|Peter D Ford III|@citizenstewart Let a group of kids from Inglewood try to go to a ‚Äòpublic‚Äô school in Brentwood; ‚Äúneighborhood ‚Äú sch‚Ä¶ https://t.co/JGUGPAoxeG|0|Citizen Stewart|1120|2054|11100|(-118.7235, 33.6946, -117.9294, 34.339)
986366428344274944|Tue Apr 17 22:10:56 +0000 2018|Teddy Dean Boys|@theaterloop @ThirdCoastPerc great news|0|Chi Tribune Theater|162|481|10486|(-118.7235, 33.6946, -117.9294, 34.339)
986366430021955584|Tue Apr 17 22:10:57 +0000 2018|natassja molina|Let‚Äôs bring so POSITIVI-TEA back into our lives üåü @Kikoko_hq https://t.co/GxbecmXhDb|0|Kikoko|267|188|3795|(-118.7235, 33.6946, -117.9294, 34.339)
986366435814400000|Tue Apr 17 22:10:58 +0000 2018|Fire Sark|@FilaEli @vxmcclure23 He's solid. But not really a playmaker back there|0|NotTheFakeEli|211|436|27541|(-118.7235, 33.6946, -117.9294, 34.339)
986366438276345856|Tue Apr 17 22:10:59 +0000 2018|IFBB PRO Ripped Vixen|@_seditio_ It looks like an adult male Bullock‚Äôs Oriole! Thanks for pointing me in the right direction üòÉ|0|–°t–∏–≤.Áà™“≥|10575|489|39805|(-118.7235, 33.6946, -117.9294, 34.339)
986366442667823104|Tue Apr 17 22:11:00 +0000 2018|Dr. Mark W. Berry|@Vickyjeter4 @XrayJenkins @mitchellvii @BreitbartNews @realDonaldTrump Thank you! Much love and respect! üëç|0|Vicky jeter|446|673|2389|(-118.7235, 33.6946, -117.9294, 34.339)
986366443049566208|Tue Apr 17 22:11:00 +0000 2018|nell|@norfgreyhound Have you worked with interest from the US? How is he with kids?|0|Norfolk Greyhound|128|1521|3556|(-118.7235, 33.6946, -117.9294, 34.339)
986366443955474432|Tue Apr 17 22:11:00 +0000 2018|Bubba ü¶Ö|@ivoneeee_ LMAOOO this made me laugh thanks Ivone appreciate it üòÇüòÇ|0|ivone|784|534|5666|(-118.7235, 33.6946, -117.9294, 34.339)
986366452545421312|Tue Apr 17 22:11:02 +0000 2018|Crystina Poncher|@eaner0919 Yes i think so too|0|Ernie Gabion|21974|560|25672|(-118.7235, 33.6946, -117.9294, 34.339)
986366465975767040|Tue Apr 17 22:11:05 +0000 2018|Seven|My bro @jamie_graham9 and his Mrs., Tamsin, always give *great birthday presents üéâüôèüèΩüòò This‚Ä¶ https://t.co/8tdOjfkA6Q|0|Jamie Graham|2870|3164|15463|(-118.7235, 33.6946, -117.9294, 34.339)
986366471503675393|Tue Apr 17 22:11:07 +0000 2018|Maris Bellamy|@PJSM206 Oh, good, I hope she's enjoying a hearty meal!|0|PJSM|236|309|4262|(-118.7235, 33.6946, -117.9294, 34.339)
986366452545421312|Tue Apr 17 22:11:02 +0000 2018|Crystina Poncher|@eaner0919 Yes i think so too|0|Ernie Gabion|21974|560|25672|(-118.7235, 33.6946, -117.9294, 34.339)
986366477769977856|Tue Apr 17 22:11:08 +0000 2018|stu mundel|@ma527681 where is the 7up cake!?!?|0|Marilyn Akahoshi|20516|2175|32598|(-118.7235, 33.6946, -117.9294, 34.339)
986366496031977474|Tue Apr 17 22:11:13 +0000 2018|Pete J. Rojas|@MtSAC_athletics 8-0, Mounties scored more runs after 1-1/2 innings.#scoreupdate#|0|Mountie Nation|1203|2562|15491|(-118.7235, 33.6946, -117.9294, 34.339)
986366504647049216|Tue Apr 17 22:11:15 +0000 2018|Christopher James|@Leucifer @TimDraper @Vote_CNP I don‚Äôt think a proposition to prevent future propositions is a good idea (at all) b‚Ä¶ https://t.co/UN9KkPOud6|0|Leucifer|2851|4041|7928|(-118.7235, 33.6946, -117.9294, 34.339)
986366506073075712|Tue Apr 17 22:11:15 +0000 2018|Martin Adkins|@jaketapper @jeffzeleny @TheLeadCNN Is anyone surprised that Trump has done this? @nikkihaley has a choice. To shut‚Ä¶ https://t.co/djhpJIwOPU|0|Jake Tapper|174|1237|25363|(-118.7235, 33.6946, -117.9294, 34.339)
986366526117707777|Tue Apr 17 22:11:20 +0000 2018|lorisa üñ§|I love @KTLA https://t.co/pqlVmCNeE4|0|KTLA|484|226|2983|(-118.7235, 33.6946, -117.9294, 34.339)
986366538784624640|Tue Apr 17 22:11:23 +0000 2018|NatalieProfantKomuro|@myGlendale joint meeting of Housing Authority &amp; City Council to vote on plan for CDBG, ESG, and HOME funding. (@ G‚Ä¶ https://t.co/S2W650o9e3|0|City of Glendale, CA|1511|2385|11896|(-118.7235, 33.6946, -117.9294, 34.339)
986366547978530816|Tue Apr 17 22:11:25 +0000 2018|Nicole Walmsley|"I‚Äôm ready for summer days and freckles noses‚òÄÔ∏è @madelineaford @goodyhair @matthewstylist | üíãüëâüèª‚Ä¶ https://t.co/hhYH1fZmsd"|0|Madeline Ford|514|237|1712|(-118.7235, 33.6946, -117.9294, 34.339)
986366555775619073|Tue Apr 17 22:11:27 +0000 2018|__PATRON__|@_Nandeezy It was supposed to be tonight but the lead singer was sick so they rescheduled|0|Rich Homie NanDEEZy|261|381|2205|(-118.7235, 33.6946, -117.9294, 34.339)
986366563279290369|Tue Apr 17 22:11:29 +0000 2018|Fides Rex|@Treestone_ So did you? ü§î|0|mastless|682|323|54461|(-118.7235, 33.6946, -117.9294, 34.339)
986366590269583360|Tue Apr 17 22:11:35 +0000 2018|Gary Matthews üêï üê∫ ‚öì|"@chrislhayes If they all failed then they must have been incompetent.

Let's face it the Russians would have been t‚Ä¶ https://t.co/Ke315PwC2U"|0|Chris Hayes|181|285|6756|(-118.7235, 33.6946, -117.9294, 34.339)
986366602621861888|Tue Apr 17 22:11:38 +0000 2018|LADY FAITH|@headhunterz We need more euphoric Hardstyle @headhunterz üíã|0|Headhunterz|8444|366|5616|(-118.7235, 33.6946, -117.9294, 34.339)
986366602818895874|Tue Apr 17 22:11:38 +0000 2018|AVERYüçä|@true_zel Haha no I use Tableau for work|0|Liezel|621|481|21170|(-118.7235, 33.6946, -117.9294, 34.339)
986366611438235649|Tue Apr 17 22:11:40 +0000 2018|Wynn Wygal|@unikunka Aw thank you. https://t.co/w2pSqlTIGN|0|Daniel Kunka|454|438|6141|(-118.7235, 33.6946, -117.9294, 34.339)
986366618841182208|Tue Apr 17 22:11:42 +0000 2018|fannie washington|With @maddow no one would know.  #Intelligent #Clever #UsesCommonSense https://t.co/Uf3ppV6tkZ|0|Rachel Maddow MSNBC|252|456|35808|(-118.7235, 33.6946, -117.9294, 34.339)
986366624025448459|Tue Apr 17 22:11:43 +0000 2018|Peter Kiral|Watch us tonight serenading Jimmy Kimmel‚Äôs show with @portugaltheman band! üé∂üé∂üé∂üêù #hollywood‚Ä¶ https://t.co/lhIDkASBY7|0|LORDS OF PORTLAND|15125|1464|2542|(-118.7235, 33.6946, -117.9294, 34.339)
986366627716390912|Tue Apr 17 22:11:44 +0000 2018|Umar|@TypicalTobs Thats completely different than saying Steph holds him back üòÇ obviously his points would tick up as th‚Ä¶ https://t.co/eBq4ukyzjv|0|Infinity Bored|623|507|16204|(-118.7235, 33.6946, -117.9294, 34.339)
986366639812702208|Tue Apr 17 22:11:47 +0000 2018|Kathy|@realDonaldTrump what on earth does Putin have on you, for you to be such a treasonous traitor to America? Gotta be‚Ä¶ https://t.co/o4XLBx4uDc|0|Donald J. Trump|821|1481|14975|(-118.7235, 33.6946, -117.9294, 34.339)
986366650260729857|Tue Apr 17 22:11:49 +0000 2018|Gil York|@gilyorkart  Hanging in plain sight but never photographed B4! https://t.co/wjmSp31qcs|0|Gil York|28|98|1491|(-118.7235, 33.6946, -117.9294, 34.339)
986366656581517312|Tue Apr 17 22:11:51 +0000 2018|JV|@ESPNLosAngeles @jessmendoza Plenty of MLB outfielders do that know ü§î|0|ESPNLosAngeles|85|273|12490|(-118.7235, 33.6946, -117.9294, 34.339)
986366657135181824|Tue Apr 17 22:11:51 +0000 2018|Goku|"@OxPrincessWife Only if we have another match like old time Goku gets in his ""stance"" https://t.co/hTD00W95UD"|0|Chichi [DM Dares]|534|1518|4928|(-118.7235, 33.6946, -117.9294, 34.339)
986366668891815936|Tue Apr 17 22:11:54 +0000 2018|üá∫üá∏Robbieüá∫üá∏|@RobertEThrasher @zenabby1 GREAT idea!!üëç|0|ManOWar|1594|1506|17180|(-118.7235, 33.6946, -117.9294, 34.339)
