986359752723718146|Tue Apr 17 21:44:25 +0000 2018|Garrett|@Cityanapolis @City_Watch I mean, last time they did that they won the lea...oh|0|MCFC Indianapolis üéó|588|1346|13174|(-106.645646, 25.837164, -93.508039, 36.500704)
986359753696661504|Tue Apr 17 21:44:25 +0000 2018|Chris|@crysmarquez23 @matabeyta I always sit in the back when I fly. Idk why lol|0|Crystal|703|1262|30331|(-106.645646, 25.837164, -93.508039, 36.500704)
986359754560860160|Tue Apr 17 21:44:25 +0000 2018|Nathan Turacy|@RE_Games I despise this.|0|Resident Evil|123|224|160|(-106.645646, 25.837164, -93.508039, 36.500704)
986359767839977479|Tue Apr 17 21:44:28 +0000 2018|KayKay|@tina_tmjohns520 That sounds awesome my girl we are having a bunch of family n friends on Sat crawfish shrimp n fry‚Ä¶ https://t.co/ZyYuzQq51R|0|TexasTina|326|351|9877|(-106.645646, 25.837164, -93.508039, 36.500704)
986359768364343297|Tue Apr 17 21:44:29 +0000 2018|Janet|@ChampionRae This is me in my neighborhood and I‚Äôve lived here for 9 years|0|Rae Golden|2020|1354|69275|(-106.645646, 25.837164, -93.508039, 36.500704)
986359770352373761|Tue Apr 17 21:44:29 +0000 2018|Epsie Shapley|@hero4hire4 @MaureenShilaly Perfect description!|0|Mack Harris|6902|7338|54863|(-106.645646, 25.837164, -93.508039, 36.500704)
986359772021739520|Tue Apr 17 21:44:29 +0000 2018|Delaney Wearden|Look at the footage that Storm Chaser @the_blakebrown_ took of the fire in Rhea, OK. #RheaFire #okfire https://t.co/3f4FVXrOlV|0|Blake Brown|347|184|1306|(-106.645646, 25.837164, -93.508039, 36.500704)
986359776387923968|Tue Apr 17 21:44:31 +0000 2018|Tanni Jamison|@seanhannity You have been given a remarkable gift, Sean.  Please keep up the hard work for us deplorables. You are‚Ä¶ https://t.co/50hV01pP0R|0|Sean Hannity|55|323|76|(-106.645646, 25.837164, -93.508039, 36.500704)
986359777008734208|Tue Apr 17 21:44:31 +0000 2018|·¥Ä…¥…¢·¥á ü·¥Ä|@lauren_rohde Omg where??|0|Lauren Rohde|196|175|4465|(-106.645646, 25.837164, -93.508039, 36.500704)
986359781614080000|Tue Apr 17 21:44:32 +0000 2018|Joveta Smith|@kylasings Loved your performance it was amazing!|0|Kyla Jade|174|307|756|(-106.645646, 25.837164, -93.508039, 36.500704)
986359782624956416|Tue Apr 17 21:44:32 +0000 2018|Chika Chaparrita|@joeymcintyre  you're awesome|0|Joey McIntyre|142|198|4787|(-106.645646, 25.837164, -93.508039, 36.500704)
986359785930067968|Tue Apr 17 21:44:33 +0000 2018|2u2|@PhilHollowayEsq It was true.|0|Philip A. Holloway|246|222|15359|(-106.645646, 25.837164, -93.508039, 36.500704)
986359786034876421|Tue Apr 17 21:44:33 +0000 2018|WyZe (Anime F.A.E)|"@syreassa Bruh sameee frieza and beerus are dopeeee!!
 
Gohan is the best character in my opinion"|0|SyKillah ‚ú≥Ô∏è|1509|3470|13398|(-106.645646, 25.837164, -93.508039, 36.500704)
986359788316581890|Tue Apr 17 21:44:33 +0000 2018|David Rivera|"@BobbyDooleyYNWA @JohnnyWalker070 Oh, ok. Good luck with that..
Yeah our Dallas Cowboys have been sucking too, but‚Ä¶ https://t.co/1p5yNeziN6"|0|Bobby Patrick Dooley üáÆüá™|39|46|1110|(-106.645646, 25.837164, -93.508039, 36.500704)
986359788480225281|Tue Apr 17 21:44:33 +0000 2018|Kirsten Hancock|@spanos_ruth @wtboulware @barcleydottie @Franklin_Graham Yes. This. See also Harry Truman, JFK, MLK, Jimmy Carter,‚Ä¶ https://t.co/Jh6jpCDxud|0|Ruth Spanos|978|3368|10569|(-106.645646, 25.837164, -93.508039, 36.500704)
986359792808710144|Tue Apr 17 21:44:34 +0000 2018|Bernard Silverman|@feministabulous @TheBeatWithAri Good point but running for Prez may be his worst decision if his finances are exposed and he's worth $47.|0|Liz Plank|882|903|80153|(-106.645646, 25.837164, -93.508039, 36.500704)
986359803181195264|Tue Apr 17 21:44:37 +0000 2018|Charles Ellis/Chucky|"@RareHorror @Michael_Aiello Chucky &amp; Halloween are my favorites...""U've got a date with death""
Chucky The Lone Wolf‚Ä¶ https://t.co/0Lpx7QVdAj"|0|Rare Horror|1462|5002|8211|(-106.645646, 25.837164, -93.508039, 36.500704)
986359819119439872|Tue Apr 17 21:44:41 +0000 2018|Tom Bolz|@CassandraRules Isn't Islam over in the middle East destroying anything of the past, and here we have people wanting to do the same here.|0|Cassandra NoWar Fairbanks|1197|1769|4520|(-106.645646, 25.837164, -93.508039, 36.500704)
986359820696674305|Tue Apr 17 21:44:41 +0000 2018|kels|@McbeeTaite we should go as a team üòÇ|0|T|2220|1949|27011|(-106.645646, 25.837164, -93.508039, 36.500704)
986359844948017154|Tue Apr 17 21:44:47 +0000 2018|Konnori|@niaangaline You right! Lol. I‚Äôll go when it‚Äôs convenient|0|Nia Jackson|326|139|13849|(-106.645646, 25.837164, -93.508039, 36.500704)
986359852162306049|Tue Apr 17 21:44:49 +0000 2018|Aüñ§|@dianarynellemtz Bitch you better not|0|rynelle ‚ö¢|255|201|7145|(-106.645646, 25.837164, -93.508039, 36.500704)
986359855471583233|Tue Apr 17 21:44:49 +0000 2018|(‚òùÔ∏é ’û‡®ä ’û)‚òùÔ∏é|ü§ß @Cruzalan312, i technically get to celebrate mother‚Äôs day this year. https://t.co/he4nCqUOP9|0|Cruz|247|182|6487|(-106.645646, 25.837164, -93.508039, 36.500704)
986359858000793600|Tue Apr 17 21:44:50 +0000 2018|Texas A&M Equestrian|Head coach Tana McKay on the new @NCEA_Equestrian Championships format as the Aggies begin action tomorrow at 8:30‚Ä¶ https://t.co/i4Xm58wVjq|0|NCEA|6659|165|8046|(-106.645646, 25.837164, -93.508039, 36.500704)
986359865714053121|Tue Apr 17 21:44:52 +0000 2018|Erin|@AriannaDantone @gracefituk this. being upset doesn‚Äôt mean you can use degrading and abusive language. being upset‚Ä¶ https://t.co/vopl6lLHdb|0|ariüåª|869|440|18261|(-106.645646, 25.837164, -93.508039, 36.500704)
986359867484131328|Tue Apr 17 21:44:52 +0000 2018|Heidi Fulks-Sinor|@RealStevenAdams Hey, I‚Äôll be at the game tomorrow night close to the thunder bench holding up a sign that says ‚ÄúAl‚Ä¶ https://t.co/kgRMUTkyYI|0|Steven Adams|43|66|839|(-106.645646, 25.837164, -93.508039, 36.500704)
986359869396660226|Tue Apr 17 21:44:53 +0000 2018|racer|@JAlonso___ Thanks so much love, miss you tooüíúüò≠|0|Jackie|974|353|20876|(-106.645646, 25.837164, -93.508039, 36.500704)
986359870814289920|Tue Apr 17 21:44:53 +0000 2018|Q21‚ö°Ô∏è|@stevenm_103 Stevens road rage part 36746864627 üòÇ|0|Steven Maldonado Jr.|1033|751|9439|(-106.645646, 25.837164, -93.508039, 36.500704)
986359876690460672|Tue Apr 17 21:44:54 +0000 2018|Christian|Bro if @JIDsv and @TroubleDTE collab üò≠üò≠üò≠üò≠üî•üî•üî•üî•üî•üî•üî•üî•üî•üî•üî•üî•|0|(J.I.D)|799|321|42800|(-106.645646, 25.837164, -93.508039, 36.500704)
986359877189677057|Tue Apr 17 21:44:55 +0000 2018|michael andrew muller|@RoyTewsley right!|0|Roy|666|402|37950|(-106.645646, 25.837164, -93.508039, 36.500704)
986359881723674625|Tue Apr 17 21:44:56 +0000 2018|Katey Carnitz|@Dnsmith_4 That's why you find someone that makes you feel like the moment right before the drop. üíï|0|Delaney Smith|826|746|10675|(-106.645646, 25.837164, -93.508039, 36.500704)
986359886622621696|Tue Apr 17 21:44:57 +0000 2018|t|@WeebishVibe @_tinyplants_ WATCH THE OFFICE KAYLAAA|0|„Ç≤„Ç§|606|944|9204|(-106.645646, 25.837164, -93.508039, 36.500704)
986359891899109377|Tue Apr 17 21:44:58 +0000 2018|Rillot|@HaleySaint_odd @YouTube That's your guy right!|0|AechStodd|322|916|2081|(-106.645646, 25.837164, -93.508039, 36.500704)
986359898194825216|Tue Apr 17 21:45:00 +0000 2018|Kelly Cash|@KatRamsland For some Americans, there‚Äôs something terribly mundane about the news of¬†two black men being arrested‚Ä¶ https://t.co/NzfXt3WyL7|0|Katherine Ramsland|230|129|330268|(-106.645646, 25.837164, -93.508039, 36.500704)
986359912396656640|Tue Apr 17 21:45:03 +0000 2018|Pro Fe Chanel|@ChiefKeef   Drop, couldn‚Äôt take it|0|Glory Boy|582|294|6237|(-106.645646, 25.837164, -93.508039, 36.500704)
986359914703486976|Tue Apr 17 21:45:04 +0000 2018|Queen V. üëë|@y_princesskt422 They are too cute.|0|OMGitsKTü¶ã|510|499|7423|(-106.645646, 25.837164, -93.508039, 36.500704)
986359918667157504|Tue Apr 17 21:45:04 +0000 2018|La Flame|@_celesal Oh really|0|Celeste üíõ|271|243|1860|(-106.645646, 25.837164, -93.508039, 36.500704)
986359918495174656|Tue Apr 17 21:45:04 +0000 2018|IG: JADAKINSSS|@_keryannakierra Lmaooo she a champ, but I really can tag herüò≠|0|4.20‚ú®|1581|1555|100724|(-106.645646, 25.837164, -93.508039, 36.500704)
986359919778639872|Tue Apr 17 21:45:05 +0000 2018|StairwellBaby|@AP Looks like Micheal C Hall|0|The Associated Press|17|285|593|(-106.645646, 25.837164, -93.508039, 36.500704)
986359927710142469|Tue Apr 17 21:45:07 +0000 2018|Steven|@DavidCornDC Biggest eye roll in history!!|0|David Corn|20|138|526|(-106.645646, 25.837164, -93.508039, 36.500704)
986359929220067328|Tue Apr 17 21:45:07 +0000 2018|The Billionaire DJ üêò|Shoutout to sis doing it big @nessacary much Love keep it up . @ Houston, Texas https://t.co/TjiZJt0VaT|0|NessaCary|1159|737|6136|(-106.645646, 25.837164, -93.508039, 36.500704)
986359930402889728|Tue Apr 17 21:45:07 +0000 2018|Scottie Jenkins|@Jami_USA No need to try and intertwine the two. That Iranian money was seized from them internationally. Rightly o‚Ä¶ https://t.co/Vrqe6d9GPu|0|Jami|777|840|5576|(-106.645646, 25.837164, -93.508039, 36.500704)
986359939567378432|Tue Apr 17 21:45:09 +0000 2018|Callie Carroll|Nice work ladies and coach @k2msugolf https://t.co/OBqvDEGVVx|0|Kevin Kane|1726|440|4678|(-106.645646, 25.837164, -93.508039, 36.500704)
986359943413620744|Tue Apr 17 21:45:10 +0000 2018|Kelly Anne Beileüê¨|EXCLUSIVE - @MLB will be making a stop in the Borderland at the beginning of May (while the EP Chihuahuas are on th‚Ä¶ https://t.co/nlro105WLv|0|MLB|1468|134|5792|(-106.645646, 25.837164, -93.508039, 36.500704)
986359947318394880|Tue Apr 17 21:45:11 +0000 2018|Houston Topguns|@esidney3 just waiting on that signing day üòéüìöüìñüèÄ|0|Eryka Sidney 3Ô∏è‚É£üêä|3571|3175|72653|(-106.645646, 25.837164, -93.508039, 36.500704)
986359950028038145|Tue Apr 17 21:45:12 +0000 2018|Jim Wimpress|@JackPosobiec Wait CNN still broadcast s?|0|Jack Posobiec|90|344|2128|(-106.645646, 25.837164, -93.508039, 36.500704)
986359950799667200|Tue Apr 17 21:45:12 +0000 2018|Janet Johns|@AltoSingerAlex I love this Alex..and I love a ukulele.|0|ItsThatGirlNamedAlex|240|260|4325|(-106.645646, 25.837164, -93.508039, 36.500704)
986359954390077442|Tue Apr 17 21:45:13 +0000 2018|MAY 26TH|SHE GAVE ME MALE VIAGRA ü§¨ (PRANK) EXTREME https://t.co/yLNNP6oaT5 via @YouTube|0|YouTube|15449|8564|34551|(-106.645646, 25.837164, -93.508039, 36.500704)
986359957539966977|Tue Apr 17 21:45:14 +0000 2018|Kimberly Whigham|@ChrisYoungMusic Sooo sadüíúüíüprayer to the family|0|ChrisYoungMusic|653|708|1697|(-106.645646, 25.837164, -93.508039, 36.500704)
986359966683590657|Tue Apr 17 21:45:16 +0000 2018|LAdonna|@TheFive Trump may not be able to put people in jail. But he can give them get out of jail free!!|0|The Five|2|73|105|(-106.645646, 25.837164, -93.508039, 36.500704)
986359969682542592|Tue Apr 17 21:45:17 +0000 2018|Ken Valliere|@Mathieu_Era Frost is a good Texas bank with great customer service.|0|Tyrann Mathieu|1331|634|32671|(-106.645646, 25.837164, -93.508039, 36.500704)
986359973260283904|Tue Apr 17 21:45:17 +0000 2018|LooneyBin|@bethbrookfield @rolandscahill @PooleLoe @BrokenBrookes @AdamParkhomenko @MichaelAvenatti Think you got it nailed üòÅüòÅüòÅüòÅüòÅüòÅ|0|Beth Brookfield|210|142|8878|(-106.645646, 25.837164, -93.508039, 36.500704)
986359993262886912|Tue Apr 17 21:45:22 +0000 2018|AnnCordes|@KenPaxtonTX My dr gave me this discount card. The pharmacy charged me $20.88. Customer service rep at Shire said n‚Ä¶ https://t.co/A1B5Lq3Rdh|0|Ken Paxton|521|557|7048|(-106.645646, 25.837164, -93.508039, 36.500704)
986359996110835712|Tue Apr 17 21:45:23 +0000 2018|natalie|@LexisNEVERWins You got this babyyyy|0|Dime Piece Shawtyüêë|677|489|36784|(-106.645646, 25.837164, -93.508039, 36.500704)
986359998740619264|Tue Apr 17 21:45:24 +0000 2018|MissMeWitThatBullshit üé≠|@Hoops0verhoes @BishopCognac Shidd hoes to the 5th power|0|Eddie|1147|1535|66811|(-106.645646, 25.837164, -93.508039, 36.500704)
986360000858779648|Tue Apr 17 21:45:24 +0000 2018|Nerdygainsüí™üèº|@prissybaee Welcome|0|Ms. Prissy P ü•Ä|460|463|2026|(-106.645646, 25.837164, -93.508039, 36.500704)
986360000246403073|Tue Apr 17 21:45:24 +0000 2018|Jami Seymore|Latest update from @AllHazardsTFS on the #McClellanFire: 3 SEATS &amp; 3 heavy aircraft enroute for structure protectio‚Ä¶ https://t.co/5MNx8sd00L|0|Incident Information - Texas A&M Forest Service|2407|661|11325|(-106.645646, 25.837164, -93.508039, 36.500704)
986360023470235649|Tue Apr 17 21:45:29 +0000 2018|!MOONLIGHT EXISTS!|@zjawn https://t.co/5a2nTkrdWl!! I get almost all my tees from there lol.|0|zuwop|2178|2008|18144|(-106.645646, 25.837164, -93.508039, 36.500704)
986360024086835200|Tue Apr 17 21:45:30 +0000 2018|Rafael Norma|@BrianPaulStuart I really do not know why @twittersupport does not cancell @realdonaldtrump Twitter account, as  he‚Ä¶ https://t.co/DfCQCHUq4m|0|(((B. Paul Stuart)))|10154|9437|313119|(-106.645646, 25.837164, -93.508039, 36.500704)
986360033838620672|Tue Apr 17 21:45:32 +0000 2018|bri|@carlamarie14_ that wasn't me, it was Bella! she hacked my phone üôÑ|0|carla marie|1631|2610|33568|(-106.645646, 25.837164, -93.508039, 36.500704)
986360035952308224|Tue Apr 17 21:45:32 +0000 2018|Lea Hohsfield|@Rjayy_Lowkey @leesenicole Oh good. Make it happen. Take pics.|0|Ryan Shak|247|158|5388|(-106.645646, 25.837164, -93.508039, 36.500704)
986360036954865664|Tue Apr 17 21:45:33 +0000 2018|C Money|Hey there @APA_Planning! Ever since I registered for Friday‚Äôs upcoming conference, I‚Äôve been getting a ton of ‚Äúspam‚Ä¶ https://t.co/V3CH4oNbtZ|0|American Planning|669|679|6499|(-106.645646, 25.837164, -93.508039, 36.500704)
986360039752511491|Tue Apr 17 21:45:33 +0000 2018|Maia|@StillKayWhy You‚Äôre welcome! Just want to make sure you‚Äôre recognized for your efforts|0|Ky.|1968|989|57206|(-106.645646, 25.837164, -93.508039, 36.500704)
986360047939850240|Tue Apr 17 21:45:35 +0000 2018|Aqunique|@DonteMacc @spanishcvndy Where yo pet ?|0|M √Ñ C C üî•|953|941|24107|(-106.645646, 25.837164, -93.508039, 36.500704)
986360060631797760|Tue Apr 17 21:45:38 +0000 2018|Kelly Cash|@KatRamsland and police eventually released the men. It is a better outcome than injury or death. For anyone who ha‚Ä¶ https://t.co/Zua13hc5Ok|0|Katherine Ramsland|230|129|330269|(-106.645646, 25.837164, -93.508039, 36.500704)
986360063018389504|Tue Apr 17 21:45:39 +0000 2018|Œî mk ‚ñ≤|"@dogmeat I‚Äôm never shy when drunk
Also I immediately asked if you were a furry after you said your twitter name wasn‚Äôt from fallout"|0|üëΩ kerby üëΩ|1555|405|45167|(-106.645646, 25.837164, -93.508039, 36.500704)
986360064431874048|Tue Apr 17 21:45:39 +0000 2018|Linda M. Watkins|@cassi_pollock @LupeValdez @GovAbbott Your tricks won't work.  Governor Abbot is the one who cares about citizens.‚Ä¶ https://t.co/ss4Knn8b2Z|0|Cassi Pollock|27|23|2208|(-106.645646, 25.837164, -93.508039, 36.500704)
986360074699464705|Tue Apr 17 21:45:42 +0000 2018|üåå Ray üåå|"@MissLynette13

Shambala by Three Dog Night
https://t.co/M5FEcbcfrq"|0|Lynette|2891|4682|24709|(-106.645646, 25.837164, -93.508039, 36.500704)
986360077455167489|Tue Apr 17 21:45:42 +0000 2018|Maia|@DaishaSiphoTV @teejaylove_ @BrianMisawa I need to go|0|Prophyte Daisy|1968|989|57208|(-106.645646, 25.837164, -93.508039, 36.500704)
986360085768228864|Tue Apr 17 21:45:44 +0000 2018|Christie Chappell üåä Proud Resister üåä|@SteveCook62 @shannonrwatts @NRA And instead of the NRA ever coming out in support of gun violence victims, they ar‚Ä¶ https://t.co/PAulm8ZhWM|0|SteveCook|3479|3496|10834|(-106.645646, 25.837164, -93.508039, 36.500704)
986360091338268672|Tue Apr 17 21:45:46 +0000 2018|ming lee|@__KagedAnimal Lmfaooooo|0|Flippa McFadden|2133|576|90777|(-106.645646, 25.837164, -93.508039, 36.500704)
986360092525293569|Tue Apr 17 21:45:46 +0000 2018|Trendsmap Houston|"Enriqueeeee, @carrizalenrique is now trending in #Houston

https://t.co/nAPdJy14tw https://t.co/XCDpaLAwPv"|0|Enriqueeeee|4157|987|96267|(-106.645646, 25.837164, -93.508039, 36.500704)
986360089492840453|Tue Apr 17 21:45:45 +0000 2018|Chris Wilner|"5-4A softball:

#WylieBulldogs with two RBI doubles in the first as they take a 2-0 lead on @Go_Red_ .

Wylie can c‚Ä¶ https://t.co/TcoYfcfY0d"|0|Sweetwater Sports|1472|916|13081|(-106.645646, 25.837164, -93.508039, 36.500704)
986360098502201344|Tue Apr 17 21:45:47 +0000 2018|Maia|@teejaylove_ @BrianMisawa Where‚Äôs that?|0|PROPHYTE TIA J.|1968|989|57209|(-106.645646, 25.837164, -93.508039, 36.500704)
986360102729940993|Tue Apr 17 21:45:48 +0000 2018|inaara|@sibylkaro786 thank u!!:)|0|sibyl|676|438|2868|(-106.645646, 25.837164, -93.508039, 36.500704)
986360107066851328|Tue Apr 17 21:45:49 +0000 2018|Kelly Cash|@KatRamsland instance. We know that any interaction with the police can turn deadly.|0|Katherine Ramsland|230|129|330270|(-106.645646, 25.837164, -93.508039, 36.500704)
986360108887232512|Tue Apr 17 21:45:50 +0000 2018|Chi-Cho Molinar|@Miss_Em1028 @amydoodle01 @UberFacts You right you right|0|Emily Amerson|112|801|9680|(-106.645646, 25.837164, -93.508039, 36.500704)
986360108908244993|Tue Apr 17 21:45:50 +0000 2018|ATulllllllll|@Tyler_Nevill Oh my sweet Jesus. Quit fronting for Twitter. Lemme pull some videos and pics out right quicküòÇ let‚Äôs‚Ä¶ https://t.co/WXxoBEYKa1|0|Tyler Nevill|219|260|1324|(-106.645646, 25.837164, -93.508039, 36.500704)
986360109734428674|Tue Apr 17 21:45:50 +0000 2018|ŸÖÿ±ÿ≥ŸäÿØÿ≥|@Keim_IsRare True to this, not new to this üòö|0|MOTIVATOR|1374|307|80188|(-106.645646, 25.837164, -93.508039, 36.500704)
986360111261274114|Tue Apr 17 21:45:50 +0000 2018|Michael - Squooster|@the_kids_gurl I bet you can‚Äôt hit it with 22|0|Annie Oakley Kay|3125|1420|76385|(-106.645646, 25.837164, -93.508039, 36.500704)
986360112305573888|Tue Apr 17 21:45:51 +0000 2018|Bernard Silverman|@MollyJongFast Meanwhile, the whitest people in the world, Starbucks' workers, are batsh*t, too.|0|Molly Jong-Fast|882|903|80154|(-106.645646, 25.837164, -93.508039, 36.500704)
986360122900471809|Tue Apr 17 21:45:53 +0000 2018|kay|@katiemathis_ i‚Äôve been fucking exposed. i‚Äôm so offended.|0|baby|1693|1326|19322|(-106.645646, 25.837164, -93.508039, 36.500704)
986360128638042112|Tue Apr 17 21:45:55 +0000 2018|Lea Hohsfield|@Haileymckenna13 Love this!|0|ùêªùí∂ùíæùìÅùëíùìé ùí•ùëúùíΩùìÉùìàùëúùìÉ|247|158|5389|(-106.645646, 25.837164, -93.508039, 36.500704)
986360129309298688|Tue Apr 17 21:45:55 +0000 2018|Trendsmap Dallas|"Dez‚öúÔ∏è, @desrat19 is now trending in #Dallas

https://t.co/b3gz7xWcEl https://t.co/Q78zD3BADm"|0|Dez‚öúÔ∏è|3118|885|59964|(-106.645646, 25.837164, -93.508039, 36.500704)
986360131234553856|Tue Apr 17 21:45:55 +0000 2018|JillianAnnSniffen|@wfaa Praying for my family and friends in the area!!!|0|WFAA|1504|2320|20687|(-106.645646, 25.837164, -93.508039, 36.500704)
986360133600071681|Tue Apr 17 21:45:56 +0000 2018|Alex Aguilar|@_roelalaniz I‚Äôm about to go find it üíÄ|0|roel|1059|342|32004|(-106.645646, 25.837164, -93.508039, 36.500704)
986360136083140610|Tue Apr 17 21:45:56 +0000 2018|DEEPEST HUSTLA|Appricate üëä ur effort @dfsbachelor on youtube in not afraid to speak ur mind in clown when they dont ball when usually they do gl tonight|0|Dfsbachelor|1560|4837|55728|(-106.645646, 25.837164, -93.508039, 36.500704)
986360135147761664|Tue Apr 17 21:45:56 +0000 2018|Moonlight Nick‚òΩ|Out here waiting for @ArianaGrande  like https://t.co/PFCvqClO1c|0|Ariana Grande|579|880|9709|(-106.645646, 25.837164, -93.508039, 36.500704)
986360143951683584|Tue Apr 17 21:45:58 +0000 2018|Grumpy Smokes Man|@ThaddeusWalcott Distribute me to the civilian sector|0|Abbott of Unreason|531|407|84971|(-106.645646, 25.837164, -93.508039, 36.500704)
986360144769433600|Tue Apr 17 21:45:58 +0000 2018|Catherine|@javapusher Bunch of hills ... but beautiful ride. Breweries too ... one just before you get to the train station.  And Madrid is fun ...|0|Shannon Kuiper|512|758|11876|(-106.645646, 25.837164, -93.508039, 36.500704)
986360152977760258|Tue Apr 17 21:46:00 +0000 2018|Nicholas Rocha|@Chicaxican Me. ? Nah|0|Chicaxican|356|693|11380|(-106.645646, 25.837164, -93.508039, 36.500704)
986360155603337217|Tue Apr 17 21:46:01 +0000 2018|Donna Rodgers üåä‚òÆüá∫üá∏üëÅ|@funder When Alex jones catches on fire and burns in hell will I be happy ..what that man has done to the Sandy Hoo‚Ä¶ https://t.co/27Muf0hrB6|0|Scott Dworkin|3356|3358|27623|(-106.645646, 25.837164, -93.508039, 36.500704)
986360156480004096|Tue Apr 17 21:46:01 +0000 2018|Flower Boy T üåª|@MindOfVega @aldridge_12 @TeachMeAngel let‚Äôs ride|0|Eliseo|550|403|31933|(-106.645646, 25.837164, -93.508039, 36.500704)
986360170954526721|Tue Apr 17 21:46:05 +0000 2018|A.S.|@JimGaffigan More like Tom Brady|0|Jim Gaffigan|9|19|804|(-106.645646, 25.837164, -93.508039, 36.500704)
986360176163938304|Tue Apr 17 21:46:06 +0000 2018|Houston Topguns|@chibbs_1 @CoachBaldwinWC Preach OG https://t.co/w2vqkD4fXj|0|Kenny Anderson|3571|3175|72655|(-106.645646, 25.837164, -93.508039, 36.500704)
986360183378137088|Tue Apr 17 21:46:08 +0000 2018|Edward Garnet Leitz|@_In_Via ha ha not giving out your info definitely a Twitter troll. Sorry I think you meant 3 years not seven no po‚Ä¶ https://t.co/QCMelUSDn1|0|In Via|17|300|725|(-106.645646, 25.837164, -93.508039, 36.500704)
986360187446411264|Tue Apr 17 21:46:09 +0000 2018|Trish McKelvey|@soapcentral pair her with anyone but Jules......Drew would be a good place to start|0|soapcentral.com|301|430|42954|(-106.645646, 25.837164, -93.508039, 36.500704)
986360197227495426|Tue Apr 17 21:46:11 +0000 2018|Morgan Hailey|When your bae looks fly af. Lol üòÇ @SamGolbach @ColbyBrock https://t.co/RYQUuu92VL|0|Sam|65|234|301|(-106.645646, 25.837164, -93.508039, 36.500704)
986360202705371139|Tue Apr 17 21:46:12 +0000 2018|Michael Champlin üßîüèª|@Lubchansky Couldn‚Äôt hurt|0|matt üíÄ lubchansky|2031|1114|33100|(-106.645646, 25.837164, -93.508039, 36.500704)
986360202898403328|Tue Apr 17 21:46:12 +0000 2018|Greg|@NewRepvblican @LouDobbs @harjo111 @realDonaldTrump I know.. smh|0|Gabrielaüá∫üá∏üáµüá™üá∫üá∏|3465|3434|12433|(-106.645646, 25.837164, -93.508039, 36.500704)
986360203649191936|Tue Apr 17 21:46:12 +0000 2018|Craft and Growler|Hey Dallas, time to do good again. From 5-8 PM tonight, @craftandgrowler will donate $1 to Teach‚Ä¶ https://t.co/nTcNvGPuHr|0|Craft and Growler|5299|64|2023|(-106.645646, 25.837164, -93.508039, 36.500704)
986360214982152193|Tue Apr 17 21:46:15 +0000 2018|Merry @Aimclear in #SFO|"@SusanEDub Thank you ü§ó
You as well! Caught the end of your session &amp; came out with ideas!"|0|Susan Wenograd|4196|2220|15895|(-106.645646, 25.837164, -93.508039, 36.500704)
986360221839904778|Tue Apr 17 21:46:17 +0000 2018|Creflo T.Challa|@TimxMack Link|0|Micheal BlueBlay|302|764|39168|(-106.645646, 25.837164, -93.508039, 36.500704)
986360222540292099|Tue Apr 17 21:46:17 +0000 2018|Adam Gordon|@CriswellsCC Whew. He barely even got to RR.|0|Criswell's Clubhouse Chatter (6-12) 144 to go!|1900|2634|91712|(-106.645646, 25.837164, -93.508039, 36.500704)
986360223882514432|Tue Apr 17 21:46:17 +0000 2018|William B. Travis|@_delconte You da man! üëäüèºthanks for making it happen! You are a man of action! Best AD in the country! Hook ‚ÄòEm!|0|Chris Del Conte|479|164|1725|(-106.645646, 25.837164, -93.508039, 36.500704)
986360229913858048|Tue Apr 17 21:46:19 +0000 2018|Matt Castillo|@WakeEmUp9 @TheKellenMond @DerrickTucker19 Thats whats up....  THATS PRIME TIME... send those sissy‚Äôs back to moms titty boy! üòéüëçüèºüî•|0|Leon O‚ÄôNeal Jr 9Ô∏è‚É£|73|457|1124|(-106.645646, 25.837164, -93.508039, 36.500704)
986360230815596545|Tue Apr 17 21:46:19 +0000 2018|ana villarreal :)|@apradical2 I just wanna expose https://t.co/GpPmdJqbrO|0|Alexis|276|577|2809|(-106.645646, 25.837164, -93.508039, 36.500704)
986360235827875840|Tue Apr 17 21:46:20 +0000 2018|Tsar Czar Binks|@inPari_Passu And what could be the basis of this misunderstanding? Do millennials not know they commit their soul‚Ä¶ https://t.co/NID0fG4eX4|0|Ben|1194|3068|21028|(-106.645646, 25.837164, -93.508039, 36.500704)
986360236612161536|Tue Apr 17 21:46:20 +0000 2018|Makayla.|@DaisyGlaspie You're a good friend ‚ù§Ô∏è|0|Daised and Confused|405|327|4462|(-106.645646, 25.837164, -93.508039, 36.500704)
986360243297939456|Tue Apr 17 21:46:22 +0000 2018|donald e whittler|@charlie_savage @eyesoftheworlds TRICKY MITCH....DIRTY AND DOUBLE-DEALIN OLE GOAT.|0|Charlie Savage|1233|4859|645|(-106.645646, 25.837164, -93.508039, 36.500704)
986360243671224320|Tue Apr 17 21:46:22 +0000 2018|Sandra Lee Payne|@RyanAFournier THAT MY FRIENT...IS EXCELLANT!!! THAT ONE SLIPPED RT.PAST ME!!!!!!|0|Ryan Fournier|789|615|14505|(-106.645646, 25.837164, -93.508039, 36.500704)
986360249987846144|Tue Apr 17 21:46:23 +0000 2018|McKenna Coffey‚òΩ|@jadegolduck I know I triggered myself while tweeting this lol|0|FR E SH AVOCA DO|127|243|1234|(-106.645646, 25.837164, -93.508039, 36.500704)
986360248364683266|Tue Apr 17 21:46:23 +0000 2018|The Dollyrots|At @jaret2113's home studio gearing up to go LIVE tonight at 8pm EST on the @JaretMovies podcast livestream! Tune i‚Ä¶ https://t.co/FuUPI3thGO|0|Jaret Reddick|44219|20742|16856|(-106.645646, 25.837164, -93.508039, 36.500704)
986360262302355457|Tue Apr 17 21:46:26 +0000 2018|Neil|Taking in a bit of batting practice at Baum @lazonadeportiva These Hogs can mash! https://t.co/cz3UId96RM|0|La Zona Deportiva|608|601|9306|(-106.645646, 25.837164, -93.508039, 36.500704)
986360269189369856|Tue Apr 17 21:46:28 +0000 2018|13|@DOPEitsEleg  listen to how he says woooow https://t.co/b2hGqgp3CW|0|#KosDuce|2984|477|103445|(-106.645646, 25.837164, -93.508039, 36.500704)
986360270577700865|Tue Apr 17 21:46:28 +0000 2018|Kelly Cash|@KatRamsland Yeah: ANY interaction with the police can turn deadly.|0|Katherine Ramsland|230|129|330271|(-106.645646, 25.837164, -93.508039, 36.500704)
986360274629242880|Tue Apr 17 21:46:29 +0000 2018|Jim Matteson|@repckelly @CoreyDJackson Missourians?|0|Chris Kelly|121|201|2874|(-106.645646, 25.837164, -93.508039, 36.500704)
986360273790554112|Tue Apr 17 21:46:29 +0000 2018|Lisa Wherry|We go the extra mile when we give out ATL‚Äôs! #MillsMonarchy @ChilisJobs @Pad_Charten @michaelw0423 https://t.co/XheYbSJnQb|0|Chili's Jobs|383|1216|1000|(-106.645646, 25.837164, -93.508039, 36.500704)
986360281378017280|Tue Apr 17 21:46:31 +0000 2018|Bernard Silverman|@gary_hensel @BethFratesMD I want a billion dollars and not a penny more...Because I don't want to look greedy.|0|Gary Hensel|882|903|80155|(-106.645646, 25.837164, -93.508039, 36.500704)
986360285014478850|Tue Apr 17 21:46:32 +0000 2018|Buck so #TightWing|@RoyPolloi @willojean27 Hat tip sir! Going to add quite the addition to the family this weekend. Will post pics and‚Ä¶ https://t.co/I5Nrn2AQ5g|0|Ordinary Citizen|660|769|20204|(-106.645646, 25.837164, -93.508039, 36.500704)
986360288726405120|Tue Apr 17 21:46:33 +0000 2018|Cousin Kenny|@Lrihendry And I bet she slept with Trump to begin with for a really innocent reason too!  Probably loved his hair style!!|0|Lori Hendry|197|226|9683|(-106.645646, 25.837164, -93.508039, 36.500704)
986360289691160577|Tue Apr 17 21:46:33 +0000 2018|Bijal Patel ‚ú≠|@sarahgx16 i feel like i‚Äôm Drake, i‚Äôm in my bag, nigga take care|0|Sarah|3136|1084|19815|(-106.645646, 25.837164, -93.508039, 36.500704)
986360290576084992|Tue Apr 17 21:46:33 +0000 2018|Kimberly Whigham|@ChrisYoungMusic So very sadüíúüíüprayers for the family|0|ChrisYoungMusic|653|708|1696|(-106.645646, 25.837164, -93.508039, 36.500704)
986360295940591617|Tue Apr 17 21:46:34 +0000 2018|Connie|@KatiePavlich @KellyRek And that phone number is?|0|Katie Pavlich|3439|3532|92640|(-106.645646, 25.837164, -93.508039, 36.500704)
986360298306195456|Tue Apr 17 21:46:35 +0000 2018|Joel Carrillo|@3HL1045 Texas sold beer in the Alumni center and in the North and South End Zone outside of the stadium for years‚Ä¶ https://t.co/U8cyAorCeD|0|3HL|505|1223|948|(-106.645646, 25.837164, -93.508039, 36.500704)
986360304853495811|Tue Apr 17 21:46:37 +0000 2018|Corey Trost|@JoeyErin_ Haven‚Äôt we all üòÇ|0|twisty üéÉ|2151|342|2111|(-106.645646, 25.837164, -93.508039, 36.500704)
986360305482649601|Tue Apr 17 21:46:37 +0000 2018|Quiett bear üêªüá∫üá∏‚ùÑÔ∏è|@HeinzKetchup_US Oh, also the coast calls that special sauce. McDonald's has been doing it for years|0|Heinz Ketchup|295|214|5521|(-106.645646, 25.837164, -93.508039, 36.500704)
986360308594864131|Tue Apr 17 21:46:37 +0000 2018|Cynthia|@theericrosales Look at you! Haha smart guy I see! üòÇ proud of you Maurice!|0|Eric M Rosales|676|552|42330|(-106.645646, 25.837164, -93.508039, 36.500704)
986360309924483072|Tue Apr 17 21:46:38 +0000 2018|The Rob Breaux Show|@preyhunter @kennylogginson Who is fighting you at all? https://t.co/HKvKwBoatd|0|David Vinson|508|483|7920|(-106.645646, 25.837164, -93.508039, 36.500704)
986360310742290433|Tue Apr 17 21:46:38 +0000 2018|kralC nitsuA|@ImJstash like this https://t.co/6GRvk7RZMZ|0|J $tash|317|673|3314|(-106.645646, 25.837164, -93.508039, 36.500704)
986360310838816768|Tue Apr 17 21:46:38 +0000 2018|Dwight Dobbins Jr.|S/O the kid @Hawk_5inco making that drive to tap in wit me...time to make some noise...Stay tuned!! #JUCOProduct‚Ä¶ https://t.co/O6EMCabuet|0|Darius Hawkins‚Ñ¢|1069|886|3179|(-106.645646, 25.837164, -93.508039, 36.500704)
986360316232691712|Tue Apr 17 21:46:39 +0000 2018|Audrey Brigham|Every1 vote for @rylee_elise üò´üíô if u don‚Äôt ur dead to me. https://t.co/Y2SNdlV445|0|rylee orton|782|586|3122|(-106.645646, 25.837164, -93.508039, 36.500704)
986360318065631232|Tue Apr 17 21:46:40 +0000 2018|plainy|@petersagal I am truly, truly, sorry.|0|((((Peter Sagal))))|680|999|12603|(-106.645646, 25.837164, -93.508039, 36.500704)
986360317679755264|Tue Apr 17 21:46:40 +0000 2018|Ritchie|@NuFo @Moes_HQ 1 Minute https://t.co/wQuhNvjwR7|0|NuFo|1263|291|945|(-106.645646, 25.837164, -93.508039, 36.500704)
986360318128459776|Tue Apr 17 21:46:40 +0000 2018|Chaise McCord|Happy bday to my sista sista! @itsPhyliciaCall https://t.co/G9QJDIrVV8|0|Phylicia Call|1080|744|3627|(-106.645646, 25.837164, -93.508039, 36.500704)
986360323610423297|Tue Apr 17 21:46:41 +0000 2018|Joey Harwell|A good jog this afternoon! #OnAJourney #Overcomer @NRHPARD https://t.co/WYrXa3lPAK|0|NRH Parks & Rec|798|654|13746|(-106.645646, 25.837164, -93.508039, 36.500704)
986360326873604096|Tue Apr 17 21:46:42 +0000 2018|William Thomas Ward|@thomaskaine5 The question is, will Bernie do what‚Äôs best for the people, or Bernie.|0|Thomas Kaine|1162|1529|7740|(-106.645646, 25.837164, -93.508039, 36.500704)
986360329503322112|Tue Apr 17 21:46:42 +0000 2018|‚ìô‚ìê‚ì©‚ìú‚ìî‚ìù|@wintertaughtyou I bet|0|ü¶Ñüåà|2688|1739|102571|(-106.645646, 25.837164, -93.508039, 36.500704)
986360332292673539|Tue Apr 17 21:46:43 +0000 2018|Odyssey Williams|@ebtadotca Kids need to take they ass to the park &amp; play oldschool style to get better along with aau ball they play|0|ebta.ca|351|292|4456|(-106.645646, 25.837164, -93.508039, 36.500704)
986360336419876864|Tue Apr 17 21:46:44 +0000 2018|Corey Trost|@karlabena22 Facts üòÇ|0|Karla Benavides|2151|342|2112|(-106.645646, 25.837164, -93.508039, 36.500704)
986360338173001728|Tue Apr 17 21:46:44 +0000 2018|doll season|@MrsOliviaBenson I know i know üò≠|0|üíãFatAssKellyPriceüíã|1542|612|224061|(-106.645646, 25.837164, -93.508039, 36.500704)
986360341301989376|Tue Apr 17 21:46:45 +0000 2018|Shannon LeBlanc|"@kaylee_031 Lololol idk but they need to reconsider 
Thanks kaylee ily!!!!"|0|Muss|560|302|23924|(-106.645646, 25.837164, -93.508039, 36.500704)
986360341792636929|Tue Apr 17 21:46:45 +0000 2018|Derek Fitzhenry|"@SpeakerRyan $2000 is going to make a ""big difference in people's lives"".....Paul do you think people are that stupid????????"|0|Paul Ryan|877|1483|621|(-106.645646, 25.837164, -93.508039, 36.500704)
986360344720363520|Tue Apr 17 21:46:46 +0000 2018|Bethany|@kaytihope üòçüòçüòç congrats!!|0|KT|589|451|5540|(-106.645646, 25.837164, -93.508039, 36.500704)
986360352756715520|Tue Apr 17 21:46:48 +0000 2018|IH8JV|"Be jealous Houston!
I Won the 10pack &amp; a snack contest from @945thebuzz  this morning!
thanks to‚Ä¶ https://t.co/rknADCSM4l"|0|94.5 The Buzz|154|239|8095|(-106.645646, 25.837164, -93.508039, 36.500704)
986360360839073792|Tue Apr 17 21:46:50 +0000 2018|i was Bj√∏rn (a unicorn)|@ianshaughnessy Yikes. That‚Äôs tough to read.|0|Ian Shaughnessy|408|620|5663|(-106.645646, 25.837164, -93.508039, 36.500704)
986360361359200256|Tue Apr 17 21:46:50 +0000 2018|Corey Trost|@riqoosuave On the daily|0|‚û∞|2151|342|2113|(-106.645646, 25.837164, -93.508039, 36.500704)
986360361766006784|Tue Apr 17 21:46:50 +0000 2018|Karla irene|@CatherinePaiz I bless you with all the positivity and greatness in the world|0|Catherine Paiz|194|12|6036|(-106.645646, 25.837164, -93.508039, 36.500704)
986360364886646784|Tue Apr 17 21:46:51 +0000 2018|Ajaz|@awad_nada Obviously it doesn‚Äôt work|0|nada awad ‚úåüèª|280|356|8235|(-106.645646, 25.837164, -93.508039, 36.500704)
986360365469532161|Tue Apr 17 21:46:51 +0000 2018|RJG|Baseball season just started and I already miss @DeAndreHopkins ball out|0|Deandre Hopkins|474|491|7065|(-106.645646, 25.837164, -93.508039, 36.500704)
986360367088656385|Tue Apr 17 21:46:51 +0000 2018|Mitchell Weber|@JHEvans13 and @MCoy6 both sent me snapchats of Nice For What..... that‚Äôs why we‚Äôre boys.|0|Jace H. Evans|1284|719|35124|(-106.645646, 25.837164, -93.508039, 36.500704)
986360374273433600|Tue Apr 17 21:46:53 +0000 2018|Fred Wood|@Ajguy I could've sworn the XBox One X did it at 4K but in any case it looks phenomenal.|0|A.J. Minotti|3963|526|56105|(-106.645646, 25.837164, -93.508039, 36.500704)
986360385971290113|Tue Apr 17 21:46:56 +0000 2018|Ariel Garcia-Linares|Feeling like a President today! @GWBLibrary #georgewbushlibrary #ovaloffice #smu #dallas #texas‚Ä¶ https://t.co/3jDIBZSGxk|0|GeorgeWBush Library|272|584|549|(-106.645646, 25.837164, -93.508039, 36.500704)
