986333748793827328|Tue Apr 17 20:01:05 +0000 2018|lena|@mikaylabaradat FOAM ON TOP?! that‚Äôs disgraceful i‚Äôm so offended|0|Mikayla Baradat|741|533|26673|(-124.848974, 45.543541, -116.91558, 49.002431)
986333769257730048|Tue Apr 17 20:01:10 +0000 2018|Jennifer Galer|@foxandfriends @Jim_Jordan TRUMP SCUMBAG https://t.co/nSeiOHiSXa|0|FOX & friends|26|92|5453|(-124.848974, 45.543541, -116.91558, 49.002431)
986333781513519104|Tue Apr 17 20:01:13 +0000 2018|Lane|@Mrt3D @WaggleWords That‚Äôs awesome @Mrt3D !|0|Elliott Mitchell üì° üõ∏ üçª|1957|2624|794|(-124.848974, 45.543541, -116.91558, 49.002431)
986333805735624704|Tue Apr 17 20:01:19 +0000 2018|Alex Randall|@ryanjemerson Thanks üôèüëÆ‚Äç‚ôÇÔ∏èüî•|0|Ryan Emerson|138|214|4006|(-124.848974, 45.543541, -116.91558, 49.002431)
986333811234324481|Tue Apr 17 20:01:20 +0000 2018|Sergio Cano|@bpdisme @James_Paxton @Mariners Very true. I even began to question if the Ump was getting fooled himself looking‚Ä¶ https://t.co/rpv2ym4a2q|0|Brian|20|29|391|(-124.848974, 45.543541, -116.91558, 49.002431)
986333813784510464|Tue Apr 17 20:01:21 +0000 2018|Breeyonce üåàüåàüåà|@KhloeMartinez Love ya too!|0|Khlo√© K. Martinez|333|638|21543|(-124.848974, 45.543541, -116.91558, 49.002431)
986333834735108097|Tue Apr 17 20:01:26 +0000 2018|Pepper and Lola|@gloveritchey We ‚ù§Ô∏è you, Luna Bean!|0|EmmyRose (Güíó's sis) & LunaBean|782|296|842|(-124.848974, 45.543541, -116.91558, 49.002431)
986333690572685312|Tue Apr 17 20:00:51 +0000 2018|Alexis ‚úø|@that1mum I love you üòÇüòÇüòÇüòÇ|0|tess|2835|1676|56544|(-124.848974, 45.543541, -116.91558, 49.002431)
986333748793827328|Tue Apr 17 20:01:05 +0000 2018|lena|@mikaylabaradat FOAM ON TOP?! that‚Äôs disgraceful i‚Äôm so offended|0|Mikayla Baradat|741|533|26673|(-124.848974, 45.543541, -116.91558, 49.002431)
986333870135033856|Tue Apr 17 20:01:34 +0000 2018|marcell|@MezreelJorden ugliness in the success..|0|¬Ø\_(„ÉÑ)_/¬Ø|890|885|30970|(-124.848974, 45.543541, -116.91558, 49.002431)
986333906059186177|Tue Apr 17 20:01:43 +0000 2018|—îmily|@gn_money I mean they‚Äôre on the specials list &amp; you‚Äôre working ;)|0|gracie|1000|540|13170|(-124.848974, 45.543541, -116.91558, 49.002431)
986333690572685312|Tue Apr 17 20:00:51 +0000 2018|Alexis ‚úø|@that1mum I love you üòÇüòÇüòÇüòÇ|0|tess|2835|1676|56544|(-124.848974, 45.543541, -116.91558, 49.002431)
986333947683471360|Tue Apr 17 20:01:52 +0000 2018|DaveW|@TrialLawyerRich @cocoanutcake @GeoffRBennett I believe this sign is just outside the White House!|0|Trial Lawyer Richard|232|509|2424|(-124.848974, 45.543541, -116.91558, 49.002431)
986333949000433664|Tue Apr 17 20:01:53 +0000 2018|Byrun üëæüëæüëæ|@andrea_coutu @fixbced @PaulDoroshenko It became an oldies station, which also failed, then a news station. Coast's‚Ä¶ https://t.co/UBiPrJA4Ul|0|Andrea Coutu|359|427|22800|(-124.848974, 45.543541, -116.91558, 49.002431)
986333979627286528|Tue Apr 17 20:02:00 +0000 2018|-|@kifagaaa I‚Äôm fucken dead üòÇüòÇüòÇ|0|tee|633|322|14494|(-124.848974, 45.543541, -116.91558, 49.002431)
986333990708707329|Tue Apr 17 20:02:03 +0000 2018|Syeda Aliya Ahmad|@IlyasRehana @ImranKhanPTI Aww you are most welcome dear :)|0|Rehana Ilyas|124788|32082|434240|(-124.848974, 45.543541, -116.91558, 49.002431)
986333992885497856|Tue Apr 17 20:02:03 +0000 2018|S/Sgt Ciaran Feenan|Thank you to all of the amazing volunteers who work throughout the @CityofDeltaBC and at the @deltapolice for makin‚Ä¶ https://t.co/J6yjUn0QEA|0|City of Delta|306|245|1868|(-124.848974, 45.543541, -116.91558, 49.002431)
986334000691134465|Tue Apr 17 20:02:05 +0000 2018|Alex Randall|@ryanjemerson Thanks my dude! üëçüëÆ‚Äç‚ôÇÔ∏èüî•|0|Ryan Emerson|138|214|4006|(-124.848974, 45.543541, -116.91558, 49.002431)
986334025043161089|Tue Apr 17 20:02:11 +0000 2018|Sam_Democracy|"@1BlackCovfefe @RyanAFournier @EricHolder 1. The judge declined to hold Holder in contempt so that part is false 
2‚Ä¶ https://t.co/bR8lAzuIog"|0|Linwood Cummings|71|266|13100|(-124.848974, 45.543541, -116.91558, 49.002431)
986334031259222016|Tue Apr 17 20:02:12 +0000 2018|kristen g ‚Ñ¢ ‚ùÑÔ∏è|@BrandonSweany @MychalQ @sydneyleroux Columbus literally changed the away support rules on their website to prohibi‚Ä¶ https://t.co/btRZDSUmjG|0|Brandon|1740|1515|120500|(-124.848974, 45.543541, -116.91558, 49.002431)
986334037152186368|Tue Apr 17 20:02:14 +0000 2018|Ryan Mayo AKA stable genuis|@TheKevinBoyd A good sandwhich is a good sandwich|0|Kevin Boyd|1252|1227|218111|(-124.848974, 45.543541, -116.91558, 49.002431)
986334062074720256|Tue Apr 17 20:02:20 +0000 2018|camaro girl|@laurelv123 @CREWcrew ya except from 15 yrs ago and not full info of course sounds deceptive of course|0|Laurel|150|363|3406|(-124.848974, 45.543541, -116.91558, 49.002431)
986334081611792384|Tue Apr 17 20:02:24 +0000 2018|Tchannin (TC) Dumas|@ShoppingAnnuity @shopcom I find myself at bed bath and beyond allot otherwise @goshoplocal|0|Shopping Annuity|430|637|9837|(-124.848974, 45.543541, -116.91558, 49.002431)
986334088821796864|Tue Apr 17 20:02:26 +0000 2018|EdCC Tritons|"üî± No. 1 @EDCC_Baseball 
(23-3, 4-1 North)
üÜö @Courterfield 
(8-17, 3-3 North)
üìçTriton Field
‚åöÔ∏è4:00 PM (DH)
üéü $5 gene‚Ä¶ https://t.co/4sU0xpYA1D"|0|Edmonds CC Baseball|1403|1283|8515|(-124.848974, 45.543541, -116.91558, 49.002431)
986334103971573760|Tue Apr 17 20:02:30 +0000 2018|Coach Weeks‚öæÔ∏è|@ChronAVT Save on gas ‚õΩÔ∏è and food ü•ò|0|Aaron VanTuyl|1364|400|6738|(-124.848974, 45.543541, -116.91558, 49.002431)
986334109592010752|Tue Apr 17 20:02:31 +0000 2018|michelle stonebraker|"@SGJ72 I snuck out of my house to go to the ""Theatre Of Pain"" tour concert....ahhh adolescence during #Reagan, now‚Ä¶ https://t.co/IvVGhQX8vG"|0|Stephen Graham Jones|761|1146|10275|(-124.848974, 45.543541, -116.91558, 49.002431)
986334126310473729|Tue Apr 17 20:02:35 +0000 2018|Joshuaaaaaaaaaaaaaaaaaaa|@niicolealexxis That game was so awesome!|0|Nics üíú|8153|1772|38952|(-124.848974, 45.543541, -116.91558, 49.002431)
986334125316427776|Tue Apr 17 20:02:35 +0000 2018|Jennifer Galer|@andylassner @kathygriffin Sean Hannity colluded with Julianne Assange to time false conspiracy theories with wiki‚Ä¶ https://t.co/vjSvfBUWxK|0|andy lassner|26|92|5454|(-124.848974, 45.543541, -116.91558, 49.002431)
986334139421900800|Tue Apr 17 20:02:38 +0000 2018|ShkreliAnne Conway|@raquelxfogel Twinzies|0|def not raquel|440|1448|11294|(-124.848974, 45.543541, -116.91558, 49.002431)
986334143838474240|Tue Apr 17 20:02:39 +0000 2018|Betsy|@we_r_Psymese @RomanMichaelXXX @Figaro4me @TheDirtyOracle @EthanSladeXXX @Raging_Stallion @BromoOfficial @IconMale‚Ä¶ https://t.co/RBVWFMGOwy|0|Psy üåø|423|391|11848|(-124.848974, 45.543541, -116.91558, 49.002431)
986334150104825856|Tue Apr 17 20:02:41 +0000 2018|Matuna|@RogueArtificer @CrazyOldJay @Ziggysera @cmplummer @Spyvrr It‚Äôs all about overload shaman bro. Cheating out 8/8‚Äôs t‚Ä¶ https://t.co/1RxD7MTioc|0|Russel|572|917|6222|(-124.848974, 45.543541, -116.91558, 49.002431)
986334155377016832|Tue Apr 17 20:02:42 +0000 2018|Shannon Peel|@fr_aquilini You are lucky you had a father who could offer you a position and help you navigate life during the ch‚Ä¶ https://t.co/fqGnurnB3u|0|Francesco Aquilini|7209|5880|14943|(-124.848974, 45.543541, -116.91558, 49.002431)
986334160770842624|Tue Apr 17 20:02:43 +0000 2018|Connor Thompson|@lenbarson58 you always know what to say my old friend|0|Ben Larson|757|466|7147|(-124.848974, 45.543541, -116.91558, 49.002431)
986334161383317504|Tue Apr 17 20:02:43 +0000 2018|Kathy Solberg|@MurrayCampaign Thanks, Patty.|0|Senator Patty Murray|2374|2673|7846|(-124.848974, 45.543541, -116.91558, 49.002431)
986334178688946176|Tue Apr 17 20:02:48 +0000 2018|talia 'hyzen' este üíõüñ§|@Hoxenos oh god the amount of times I tried ordering a double double at McDonald‚Äôs or somewhere similar.|0|Hoxenos|463|486|8282|(-124.848974, 45.543541, -116.91558, 49.002431)
986334215808499717|Tue Apr 17 20:02:56 +0000 2018|Allan White|"1. Good step. 
2. @nbcsnl please do a skit! https://t.co/tZaBHcZ1mr"|0|Saturday Night Live - SNL|1696|1272|33113|(-124.848974, 45.543541, -116.91558, 49.002431)
986334238998855680|Tue Apr 17 20:03:02 +0000 2018|J D|@BevelleBuckeye @AllbrightNFL @geoffschwartz Agreed.  Plus it was his barbers brother in law‚Äôs gardener üëÄ|0|Tidus Powell|91|337|7598|(-124.848974, 45.543541, -116.91558, 49.002431)
986334246905114624|Tue Apr 17 20:03:04 +0000 2018|This is Hannako üç° Pin Hell|YES, by @Shattered_Earth ! I love the use of the transparent enamel on this one. https://t.co/bnsi1KNPVN|0|"Shattered-Earth | Fanime1317"|4073|1329|21230|(-124.848974, 45.543541, -116.91558, 49.002431)
986334249006452736|Tue Apr 17 20:03:04 +0000 2018|Ryan Pitts|@palewire Big Reputation and Backstreet‚Äôs Back.|0|Ben Welsh|4598|1694|49129|(-124.848974, 45.543541, -116.91558, 49.002431)
986334315293261824|Tue Apr 17 20:03:20 +0000 2018|Jennifer Galer|@kylegriffin1 Sean Hannity colluded with Julianne Assange to time false conspiracy theories with wiki leaks. Cohens‚Ä¶ https://t.co/oRfjXEHkgK|0|Kyle Griffin|26|92|5455|(-124.848974, 45.543541, -116.91558, 49.002431)
986334338542223360|Tue Apr 17 20:03:26 +0000 2018|tammy|@karenhunter @SylviaKAlston @SXMUrbanView ‚ÄúI cannot help wondering sometimes what I might have become and might hav‚Ä¶ https://t.co/NgR8KFyuBG|0|Karen Hunter|35|138|2564|(-124.848974, 45.543541, -116.91558, 49.002431)
986334356590379009|Tue Apr 17 20:03:30 +0000 2018|Chris Maxwell|"Do you think @sethmeyers is at home staring at his new son thinking 
Thanks to you I'm the only who isn't feasting‚Ä¶ https://t.co/WlNJd2tmdr"|0|Seth Meyers|195|613|3744|(-124.848974, 45.543541, -116.91558, 49.002431)
986334383807148032|Tue Apr 17 20:03:36 +0000 2018|Christopher Kelly|@treasonstickers @MichaelCohen212 They don‚Äôt have Twitter in prison, really no loss.  His tweeting days are coming to an end.|0|Treason Memes|675|1164|21069|(-124.848974, 45.543541, -116.91558, 49.002431)
986334384151085056|Tue Apr 17 20:03:37 +0000 2018|ABDI|@lahamada_ Thank you brotha! I appreciate that. ‚úäüèæ|0|Mohamed Amin|2425|995|42581|(-124.848974, 45.543541, -116.91558, 49.002431)
986334410310955008|Tue Apr 17 20:03:43 +0000 2018|Ryan|@FoxNews @DICKS Right move DICKS! thank you for valuing lives over profits.|0|Fox News|935|231|2217|(-124.848974, 45.543541, -116.91558, 49.002431)
986334467965861888|Tue Apr 17 20:03:57 +0000 2018|Cori Smith|@CoachYoOleMiss Thanks Coach! Means a lot coming from you. Loved your talk at the WBCA and not at all surprised to‚Ä¶ https://t.co/CiJLqS2h0j|0|Yolett McCuin|81|506|100|(-124.848974, 45.543541, -116.91558, 49.002431)
986334475545001984|Tue Apr 17 20:03:58 +0000 2018|Trevor Alexander|@desiringGod If we are born again we no longer have to separate our dreams from God‚Äôs dreams. He has given us a new‚Ä¶ https://t.co/lRXQ0Y03tS|0|Desiring God|178|150|1615|(-124.848974, 45.543541, -116.91558, 49.002431)
986334477868679168|Tue Apr 17 20:03:59 +0000 2018|marcell|@griffeylytle @charlieINTEL i‚Äôm looking forward to us getting back on that zombies grind ü§£|0|Griffey Lytle|890|885|30973|(-124.848974, 45.543541, -116.91558, 49.002431)
986334478715858944|Tue Apr 17 20:03:59 +0000 2018|Rayna Marie McCowan|@russ_bullock I don't know if it is possible, but, it would be nice to have the temperature HPG be hot in sunlight‚Ä¶ https://t.co/ayi4yn55lw|0|Russ Bullock|86|429|557|(-124.848974, 45.543541, -116.91558, 49.002431)
986334481064722433|Tue Apr 17 20:04:00 +0000 2018|JASNA_EWANID|Happy #NationalHaikuDay, @JaneAustenHaiku!!! https://t.co/5mzOc8OMwf|0|Jane Austen Haiku|118|92|582|(-124.848974, 45.543541, -116.91558, 49.002431)
986334496713617408|Tue Apr 17 20:04:03 +0000 2018|Robert Svercl|Finished my video of the #EmeraldCityRide by @CascadeBicycle from last week - it was my 1st time ever on Alaskan Wa‚Ä¶ https://t.co/I09COaYwr8|0|Cascade Bicycle Club|212|318|1418|(-124.848974, 45.543541, -116.91558, 49.002431)
986334500912181248|Tue Apr 17 20:04:04 +0000 2018|Dow Constantine|@KUOW Here's a summary of how our employees got the treatment plant back to full operations last year following the‚Ä¶ https://t.co/5E58bbI7Mu|0|KUOW Public Radio|16435|874|7481|(-124.848974, 45.543541, -116.91558, 49.002431)
986334541051641856|Tue Apr 17 20:04:14 +0000 2018|Nicole Jarvis|@KashaDuff Hi Kasha! I saw your workshop in the STA convention site &amp; I would love to read your Master‚Äôs thesis abo‚Ä¶ https://t.co/QBTR1HK7EW|0|Kasha Duff|2695|3843|17085|(-124.848974, 45.543541, -116.91558, 49.002431)
986334544969326592|Tue Apr 17 20:04:15 +0000 2018|Bobby üá®üá¶|".. best of luck tomorrow .. you're a brave man :)
@KnucklesNilan30"|0|Chris Nilan|1832|995|77359|(-124.848974, 45.543541, -116.91558, 49.002431)
986334560077037568|Tue Apr 17 20:04:18 +0000 2018|ChickTech Seattle|@QuetzalliAle Look at you...in such high demand ü§ì|0|Alejandra Quetzalli Olvera-Novack|1825|2712|2395|(-124.848974, 45.543541, -116.91558, 49.002431)
986334576418017280|Tue Apr 17 20:04:22 +0000 2018|Mister Sparks|@isaacsvane First Yakima, than Portland, now Vancouver? Sheeeeesh|0|Saac|1503|843|14805|(-124.848974, 45.543541, -116.91558, 49.002431)
986334577898668032|Tue Apr 17 20:04:23 +0000 2018|michelle stonebraker|@WalshFreedom @FoxNews Not if they win....|0|Joe Walsh|761|1146|10277|(-124.848974, 45.543541, -116.91558, 49.002431)
986334630738477056|Tue Apr 17 20:04:35 +0000 2018|Coach Wells üêªüèà|@colep__9 I‚Äôm trying to figure out who this foul mouthed child is. She‚Äôs all over my TL. She needs to be smacked...|0|Cole Peckham|1138|885|7941|(-124.848974, 45.543541, -116.91558, 49.002431)
986334660404924417|Tue Apr 17 20:04:42 +0000 2018|Elyse Dodds|I'm at @Walgreens in Shoreline, WA https://t.co/As6dQlKGvC|0|Walgreens|114|450|1026|(-124.848974, 45.543541, -116.91558, 49.002431)
986334481064722433|Tue Apr 17 20:04:00 +0000 2018|JASNA_EWANID|Happy #NationalHaikuDay, @JaneAustenHaiku!!! https://t.co/5mzOc8OMwf|0|Jane Austen Haiku|118|92|582|(-124.848974, 45.543541, -116.91558, 49.002431)
986334620571467776|Tue Apr 17 20:04:33 +0000 2018|KIM HARDY|@Starbucks keep'em all closed until you bring back my #Supersonics|0|Starbucks Coffee|114|686|2616|(-124.848974, 45.543541, -116.91558, 49.002431)
986334677865648128|Tue Apr 17 20:04:47 +0000 2018|McDarryl - M|@sookemonitor I don‚Äôt disagree. Ive wondered aloud how they‚Äôre allowed to operate. I guess we‚Äôd have to go to the D‚Ä¶ https://t.co/ge6vGpRq3z|0|Czar Kasm|1988|1591|69689|(-124.848974, 45.543541, -116.91558, 49.002431)
986334712913313792|Tue Apr 17 20:04:55 +0000 2018|PDX Selina|@NotConvincing @willsommer I have never heard of Changes or the Process Church. Curious about these phenomena|0|Fire of the Mind|1214|3879|13993|(-124.848974, 45.543541, -116.91558, 49.002431)
986334713399816192|Tue Apr 17 20:04:55 +0000 2018|"WayFarG‚Ä¢^|E"|@iamstillpunch Hip-Hop is Sleeping three the best part. -DonteLeSean|0|Punch TDE|172|396|2109|(-124.848974, 45.543541, -116.91558, 49.002431)
986334724325961729|Tue Apr 17 20:04:58 +0000 2018|DaveW|@HebridesOutdoor Phew, for a minute thought you said shiftless work! You don't look stressed to me, Skye looks more‚Ä¶ https://t.co/WxVGewYEm9|0|colin|232|509|2425|(-124.848974, 45.543541, -116.91558, 49.002431)
986334734807683073|Tue Apr 17 20:05:00 +0000 2018|Matheus Gon√ßalves|@hemantmehta Nothing is more Christian than a shot in the face! #love #thoughts #prayers|0|Hemant Mehta|25481|707|29179|(-124.848974, 45.543541, -116.91558, 49.002431)
986334745012269060|Tue Apr 17 20:05:03 +0000 2018|Michael Sweet|@whovian223 @gmtgames Nice review. Still haven‚Äôt played my copy üòñ|0|Dave|166|229|6355|(-124.848974, 45.543541, -116.91558, 49.002431)
986334745129762816|Tue Apr 17 20:05:03 +0000 2018|Jennifer Galer|@nytimes Sean Hannity colluded with Julianne Assange to time false conspiracy theories with wiki leaks. Cohens Prag‚Ä¶ https://t.co/AcfRTfnZaZ|0|The New York Times|26|92|5456|(-124.848974, 45.543541, -116.91558, 49.002431)
986334758983483392|Tue Apr 17 20:05:06 +0000 2018|chris|@JeffDye It‚Äôs Edwin Nunez I believe|0|Jeff Dye|2134|2887|7933|(-124.848974, 45.543541, -116.91558, 49.002431)
986334764532715529|Tue Apr 17 20:05:07 +0000 2018|StumptownRider|After ride brews üçª - Drinking an Exploratory IPA #007 by @pfriemBeer at @pfriembeer  ‚Äî https://t.co/Qwt5AvHICx #photo|0|Pfriem Beer|294|716|9947|(-124.848974, 45.543541, -116.91558, 49.002431)
986334814952341504|Tue Apr 17 20:05:19 +0000 2018|Zorina|@funylifepost funnyüòÅ|0|Funny life|204|135|7157|(-124.848974, 45.543541, -116.91558, 49.002431)
986334831163260928|Tue Apr 17 20:05:23 +0000 2018|Matthew Gravelyn|@Liger Ack, fellow kids! How ironic I get he meme wrong.|0|Liger|1547|480|32753|(-124.848974, 45.543541, -116.91558, 49.002431)
986334852373929984|Tue Apr 17 20:05:28 +0000 2018|Bobby Critical|Hopefully one day, My cousin Jason and I can be famous like @UGLY_FRANK üíØüí™üèø|0|micro dick|206|122|4302|(-124.848974, 45.543541, -116.91558, 49.002431)
986334884573593600|Tue Apr 17 20:05:36 +0000 2018|Woody Fuller|Good work @josh_um_clark and #CharlesWChuckBryant!!! https://t.co/VMMlqdabWl|0|Josh Clark|789|1143|7473|(-124.848974, 45.543541, -116.91558, 49.002431)
986334884946821120|Tue Apr 17 20:05:36 +0000 2018|Jocelyn|I think I just fell in love with @BebeRexha üòç|0|Bebe Rexha|506|373|20255|(-124.848974, 45.543541, -116.91558, 49.002431)
986334903246643200|Tue Apr 17 20:05:40 +0000 2018|Woolbythesea|Sharing this amazingly #cute hand crochet baby booties and handband sets via @babybootiecraft Baby // Peach // Newb‚Ä¶ https://t.co/7tvhS5ZNyt|0|BabyBootieCrafts|1785|2346|28351|(-124.848974, 45.543541, -116.91558, 49.002431)
986334909651300352|Tue Apr 17 20:05:42 +0000 2018|Jennifer Galer|@LOLGOP Sean Hannity colluded with Julianne Assange to time false conspiracy theories with wiki leaks. Cohens Pragu‚Ä¶ https://t.co/fir2dyA7gf|0|LOLGOP|26|92|5457|(-124.848974, 45.543541, -116.91558, 49.002431)
986334937023483905|Tue Apr 17 20:05:48 +0000 2018|norman lor|@people well, she's going to have much more heartache for I can't see this idiot ever stopping!!|0|People|52|232|4761|(-124.848974, 45.543541, -116.91558, 49.002431)
986334970628091904|Tue Apr 17 20:05:56 +0000 2018|Erik Bishoff|@dodds_alyssa Meaningful stuff!! Bravo y‚Äôall... üëç #EdEquity #OreEd Can‚Äôt wait to see (and use) the finished product.|0|Alyssa Dodds|750|2220|3687|(-124.848974, 45.543541, -116.91558, 49.002431)
986335020229935104|Tue Apr 17 20:06:08 +0000 2018|Troy DeFrank|@PatrickSEATL @seattletimes It was @BryceInSeattle, wasn‚Äôt it?|0|Patrick Higgins|1673|2174|5370|(-124.848974, 45.543541, -116.91558, 49.002431)
986335021110706176|Tue Apr 17 20:06:08 +0000 2018|DnD allignment: exhausted neutral|@ConanOBrien Ummm, clearly you‚Äôve never heard of my mom..|0|Conan O'Brien|70|236|4823|(-124.848974, 45.543541, -116.91558, 49.002431)
986335032934465541|Tue Apr 17 20:06:11 +0000 2018|Gerald O'Patrick|@greenfield64 His source of income seems to be a half dozen fat guys in nice suits who all smoke giant cigars. The‚Ä¶ https://t.co/u0wYy995P6|0|Jeff Greenfield|102|88|5526|(-124.848974, 45.543541, -116.91558, 49.002431)
986335060235247616|Tue Apr 17 20:06:18 +0000 2018|camaro girl|@RepMcEachin @TheDemocrats please do something we are counting on our repesentatives to take care of its people. no‚Ä¶ https://t.co/Y1scIVZ2K5|0|Rep. Donald McEachin|150|364|3407|(-124.848974, 45.543541, -116.91558, 49.002431)
986335067143258113|Tue Apr 17 20:06:19 +0000 2018|Jennifer Galer|@realDonaldTrump Sean Hannity colluded with Julianne Assange to time false conspiracy theories with wiki leaks. Coh‚Ä¶ https://t.co/NwdflkxED2|0|Donald J. Trump|26|92|5458|(-124.848974, 45.543541, -116.91558, 49.002431)
986335090094436352|Tue Apr 17 20:06:25 +0000 2018|Lauren Eckert|@timirv This is incredible! üêü|0|Tim Irvin|334|765|707|(-124.848974, 45.543541, -116.91558, 49.002431)
986335118414364672|Tue Apr 17 20:06:32 +0000 2018|Matuna|@YukiStorm_HS @NateWolfeHS @UnitedHSLeague @Legendary_HS @thehappyhs @GamerslugHS Mind sliding that list my way too? üòá|0|YukiStorm (A blizzard is coming!)|572|917|6224|(-124.848974, 45.543541, -116.91558, 49.002431)
986335128908480512|Tue Apr 17 20:06:34 +0000 2018|Joseph Fitzpatrick|@realDonaldTrump GStephanopoulo is a yes man to the Clinton's. https://t.co/UEkZD6XWX4|0|Donald J. Trump|5720|5993|60051|(-124.848974, 45.543541, -116.91558, 49.002431)
986335151981395968|Tue Apr 17 20:06:40 +0000 2018|Dan Monaghan|@DBloom451 @Miss_Placed_ @PoliticalShort Panic kills|0|Bostonüá∫üá∏Bobblehead|2784|5000|149966|(-124.848974, 45.543541, -116.91558, 49.002431)
986335170453094400|Tue Apr 17 20:06:44 +0000 2018|K&L|@iPoopOnTaliban &amp; im stating It‚Äôs corny when you comment on other ppls choices &amp; need to mind your businessü§ó we‚Äôre good‚ò∫Ô∏èüëçüèΩ|0|The Legend|1204|518|75466|(-124.848974, 45.543541, -116.91558, 49.002431)
986335184382341120|Tue Apr 17 20:06:47 +0000 2018|Vikash Kodati|@SJosephBurns Depends on the information content and inference apparatus one has in the mind at that points in time üòä|0|Steve Burns|433|877|7745|(-124.848974, 45.543541, -116.91558, 49.002431)
986335193739870208|Tue Apr 17 20:06:50 +0000 2018|Tiny Fruit Fiasco|@Mangusu Confuses me a lot as well. They mentioned streaming TV shows in one episode too.|0|‚ôõMangusu‚ôõ|2454|625|10020|(-124.848974, 45.543541, -116.91558, 49.002431)
986335197791567872|Tue Apr 17 20:06:51 +0000 2018|Jennifer Galer|@realDonaldTrump How much do you pay for this? https://t.co/zyuymFPxvd|0|Donald J. Trump|26|92|5459|(-124.848974, 45.543541, -116.91558, 49.002431)
986335207551729664|Tue Apr 17 20:06:53 +0000 2018|Unk Benji|@skylaradoresyou @TrelleGotDamn Lmao fr|0|üíã|268|221|2946|(-124.848974, 45.543541, -116.91558, 49.002431)
986335234776907776|Tue Apr 17 20:06:59 +0000 2018|Suzette N Young|@realDonaldTrump Trump, sorry I can‚Äôt like you and what you stand for!i am only about 10 Years younger, #IMPEACH, y‚Ä¶ https://t.co/TXlJqB6wHt|0|Donald J. Trump|36|125|202|(-124.848974, 45.543541, -116.91558, 49.002431)
986335236437889025|Tue Apr 17 20:07:00 +0000 2018|BC Care Providers|BCCPA is pleased to announce Jody Urquhart @idoinspire as the closing keynote speaker for the 2018 Annual Conferenc‚Ä¶ https://t.co/YxskmLP2L6|0|idoinspire|2318|827|9531|(-124.848974, 45.543541, -116.91558, 49.002431)
986335243073236992|Tue Apr 17 20:07:01 +0000 2018|Kathy Solberg|@AngrierWHStaff @Mamameena2 I agree with you. Barbara Bush is one Helluva a Lady. Always.|0|Angry WH Staffer|2375|2673|7850|(-124.848974, 45.543541, -116.91558, 49.002431)
986335254393716737|Tue Apr 17 20:07:04 +0000 2018|Gabe|@aaronsdrops Where are the desert women pasties?|0|Aaron Silverstein|9889|819|13496|(-124.848974, 45.543541, -116.91558, 49.002431)
986335270164357120|Tue Apr 17 20:07:08 +0000 2018|DavidtheRedeemer|@Habscentral @exit716 Winning is secondary but I'm not sure anyone who played more than six months with him got better.|0|Alex|740|1355|37479|(-124.848974, 45.543541, -116.91558, 49.002431)
986335289475063808|Tue Apr 17 20:07:12 +0000 2018|Aaron VanTuyl|@ChronNailon @ThePhotoJay @WoodsyOwl Owl bet you didn‚Äôt|0|Jordan Nailon|3355|1296|36972|(-124.848974, 45.543541, -116.91558, 49.002431)
986335285884547072|Tue Apr 17 20:07:12 +0000 2018|Craig  Zimmerman|@PardesSeleh @davidhogg111 I'm glad the boycott failed. Maybe Mr. Hogg will try to do something positive next time.|0|Pardes Seleh|662|1353|15251|(-124.848974, 45.543541, -116.91558, 49.002431)
986335300942086144|Tue Apr 17 20:07:15 +0000 2018|ROANNA LIKE MOANA|@gellalovee @SebrecaL well, i‚Äôm talking about the bukarar outta jealousy lol|0|k≈´puna|309|249|2868|(-124.848974, 45.543541, -116.91558, 49.002431)
986335308022075392|Tue Apr 17 20:07:17 +0000 2018|Daniel Makabe|Incredibly stoked that my band Griefwalker was apart of today‚Äôs full lineup announcement for @sledisland this comin‚Ä¶ https://t.co/NZOFzMKhcm|0|Sled Island|262|435|783|(-124.848974, 45.543541, -116.91558, 49.002431)
986335287834853376|Tue Apr 17 20:07:12 +0000 2018|Jennifer Galer|@realDonaldTrump Sean Hannity colluded with Julianne Assange to time false conspiracy theories with wiki leaks. Coh‚Ä¶ https://t.co/KUw9OTSJA8|0|Donald J. Trump|26|92|5460|(-124.848974, 45.543541, -116.91558, 49.002431)
986335359087738880|Tue Apr 17 20:07:29 +0000 2018|üíæ NinjaBunny9000|@eileencurtright But this is absolutely true! It‚Äôs really necessary to comprehend this duality, otherwise you can‚Äôt‚Ä¶ https://t.co/1qW09d04up|0|Eileen Curtright|1130|3927|2700|(-124.848974, 45.543541, -116.91558, 49.002431)
986335367539273728|Tue Apr 17 20:07:31 +0000 2018|Kevin m Adkins|Rfid's Why the latest wave of terrorism will get worse before it gets better https://t.co/xWZByBsTh8 via @ConversationUS|0|The Conversation US|16|57|789|(-124.848974, 45.543541, -116.91558, 49.002431)
986335405157969920|Tue Apr 17 20:07:40 +0000 2018|rachel ann|@MaddiePoppe you should sing Bastille!! üíì|0|Maddie Poppe|106|98|5707|(-124.848974, 45.543541, -116.91558, 49.002431)
986335414951669760|Tue Apr 17 20:07:42 +0000 2018|Mark El Tigre|@beaglehaus Yeah that‚Äôs slightly concerning, it‚Äôs not an official recall yet, which is alarming because that means‚Ä¶ https://t.co/DbcLFcgdQf|0|Kelly Weiler|1807|1892|103314|(-124.848974, 45.543541, -116.91558, 49.002431)
986335415710789632|Tue Apr 17 20:07:42 +0000 2018|Jennifer Galer|@realDonaldTrump GUILTY OF COLLUSION https://t.co/6D31DX987z|0|Donald J. Trump|26|92|5461|(-124.848974, 45.543541, -116.91558, 49.002431)
986335436627886080|Tue Apr 17 20:07:47 +0000 2018|Betsy|@we_r_Psymese @RomanMichaelXXX @Figaro4me @TheDirtyOracle @EthanSladeXXX @Raging_Stallion @BromoOfficial @IconMale‚Ä¶ https://t.co/xyVpZziQnz|0|Psy üåø|423|391|11849|(-124.848974, 45.543541, -116.91558, 49.002431)
986335451962224640|Tue Apr 17 20:07:51 +0000 2018|"Matthew ""Has a bigger Nuclear Button"" Olsen"|@ComplexMusic Yeah we‚Äôre on twitter too, @ComplexMusic|0|Complex Music|258|596|3564|(-124.848974, 45.543541, -116.91558, 49.002431)
986335460489248768|Tue Apr 17 20:07:53 +0000 2018|blossom|@LanaDelRey Please come back to seattle|0|Lana Del Rey|654|473|22904|(-124.848974, 45.543541, -116.91558, 49.002431)
986335471201501184|Tue Apr 17 20:07:56 +0000 2018|Kyle Flyberg|@djoakland @JeffDye You don‚Äôt know the difference between you‚Äôre and your|0|Mr. Oakland|194|779|8501|(-124.848974, 45.543541, -116.91558, 49.002431)
986335452725633024|Tue Apr 17 20:07:51 +0000 2018|CB|@Drake when you gonna drop a mistake again?? That's the best Drake üî•üî•üî•üî•|0|Drizzy|457|422|6696|(-124.848974, 45.543541, -116.91558, 49.002431)
986335475613880320|Tue Apr 17 20:07:57 +0000 2018|DaveW|@ww59jnr @BRWombat Hmmm, Bowmore you say, somehow that makes me thirsty!|0|walter weir|232|509|2426|(-124.848974, 45.543541, -116.91558, 49.002431)
986335479682383873|Tue Apr 17 20:07:58 +0000 2018|üéÄGoddess KawaiiüéÄ|@GoddessMacha I wish!! It‚Äôs just a background I use w my green screen. I‚Äôm seriously considering getting wallpaper like that though üíñüíñüíñ|0|üî™üñ§GoddessMachaüñ§üî™|7406|531|3074|(-124.848974, 45.543541, -116.91558, 49.002431)
986335480168919040|Tue Apr 17 20:07:58 +0000 2018|Dan Monaghan|Cheers to the Sinclair-fighting journalism professionals at @komonews|0|KOMO News|2784|5000|149967|(-124.848974, 45.543541, -116.91558, 49.002431)
986335479434903552|Tue Apr 17 20:07:58 +0000 2018|„Åä„ÅØ„ÅäÁ©∫Ôº†Oilcon üá∫üá∏üõ¢Ô∏èüî´üëÆ|@dogrunes_ Wait no here https://t.co/0qjp9jQflx|0|dogrunes|681|884|225589|(-124.848974, 45.543541, -116.91558, 49.002431)
986335487232266240|Tue Apr 17 20:08:00 +0000 2018|Trendsmap Portland|"Jordan Peele, @jordanpeele is now trending in #Portland

https://t.co/hONsSqNXZR https://t.co/vY3qBZq1IA"|0|Jordan Peele|1703|538|25473|(-124.848974, 45.543541, -116.91558, 49.002431)
986335492940550144|Tue Apr 17 20:08:01 +0000 2018|Joseph Fitzpatrick|@benshapiro Gettem some Ben, some Freedom|0|Ben Shapiro|5720|5993|60053|(-124.848974, 45.543541, -116.91558, 49.002431)
986335499450073088|Tue Apr 17 20:08:02 +0000 2018|Stephen Bowden|@russel_nelson @SundbergJay @zsc4297 @organic_dad The fool is oblivious.|0|Russel Nelson|5222|5382|17375|(-124.848974, 45.543541, -116.91558, 49.002431)
986335515107442688|Tue Apr 17 20:08:06 +0000 2018|Punkanova|@Suchikuchi It‚Äôs pretty rad. It has 12 games on it :D https://t.co/TotzBNh11f|0|Suchikuchi #StreamOnTwitch|201|137|4573|(-124.848974, 45.543541, -116.91558, 49.002431)
986335590093172736|Tue Apr 17 20:08:24 +0000 2018|McDarryl - M|@sookemonitor @RachelNotley @jjhorgan @Dave_Eby @thesticksooke @ElizabethMay I know that. His office isn‚Äôt ruling o‚Ä¶ https://t.co/0PIUj7cDzM|0|Czar Kasm|1988|1591|69690|(-124.848974, 45.543541, -116.91558, 49.002431)
986335598922293248|Tue Apr 17 20:08:26 +0000 2018|Gabe K|@oota it‚Äôs a p good read|0|oota|2198|903|17195|(-124.848974, 45.543541, -116.91558, 49.002431)
986335625090555904|Tue Apr 17 20:08:32 +0000 2018|üíæ NinjaBunny9000|@eileencurtright Doing the right thing doesn‚Äôt always seem so clear in the moment, even on issues so clear today as‚Ä¶ https://t.co/jS99QSzBHK|0|Eileen Curtright|1130|3927|2701|(-124.848974, 45.543541, -116.91558, 49.002431)
986335626361421824|Tue Apr 17 20:08:33 +0000 2018|Vickie Sattelberg|@JohnLegere I love my @TMobile reusable bag! #TreeMobile|0|John Legere|4|51|86|(-124.848974, 45.543541, -116.91558, 49.002431)
986335627829436416|Tue Apr 17 20:08:33 +0000 2018|Nicole Moses|Hey, @comcastcareers, who can I reach out to in the Seattle area to invite your company to a career fair?|0|Comcast Careers|103|442|371|(-124.848974, 45.543541, -116.91558, 49.002431)
986335635458805760|Tue Apr 17 20:08:35 +0000 2018|Jennifer Galer|@The_Trump_Train @realDonaldTrump Sean Hannity colluded with Julianne Assange to time false conspiracy theories wit‚Ä¶ https://t.co/kICx0XM7WR|0|The Trump Train üá∫üá∏|26|92|5462|(-124.848974, 45.543541, -116.91558, 49.002431)
986335640110301184|Tue Apr 17 20:08:36 +0000 2018|Barter Loch Monster|@SueGiske What are we if we have Lorre? https://t.co/6ODAttgMot|0|Sue|28|95|271|(-124.848974, 45.543541, -116.91558, 49.002431)
986353718252613632|Tue Apr 17 21:20:26 +0000 2018|Cian H|@JasonConnery Understandable, I‚Äôve got some catching up to do from my break so I‚Äôll have stuff to keep me busy for‚Ä¶ https://t.co/Op64MZu94f|0|Jason Connery|130|94|11663|(-124.848974, 45.543541, -116.91558, 49.002431)
986353722044235776|Tue Apr 17 21:20:27 +0000 2018|@annhomebaker|@carmen_allgood @TheView Bad behaviors of course., but no woman deserves threats, intimidation, fear, violence if a‚Ä¶ https://t.co/nentY28fMT|0|carmen_allgood|150|558|762|(-124.848974, 45.543541, -116.91558, 49.002431)
986353691312570369|Tue Apr 17 21:20:20 +0000 2018|E|@MychalQ It was one of the greatest highlights of my life!|0|Mychal Quintanilla|727|733|41454|(-124.848974, 45.543541, -116.91558, 49.002431)
986353771591577600|Tue Apr 17 21:20:39 +0000 2018|MindRite‚Ñ¢ PDX|@cheaphomegrow @ArmyOfPotheads @CANNiLIVE @AtlasPlantTrain @cannaworldsite @EmeraldZoo @DavidHeitz @OneFallenAngelM‚Ä¶ https://t.co/9L9qwEsg4L|0|CheapHomeGrow|594|1225|2186|(-124.848974, 45.543541, -116.91558, 49.002431)
986353784912662528|Tue Apr 17 21:20:42 +0000 2018|KarenE|@JPlovesCOTTON Oh I didn‚Äôt see the egg part. First thing is my sweet hens I no longer have.|0|Janice Person|62|150|981|(-124.848974, 45.543541, -116.91558, 49.002431)
986353785197899777|Tue Apr 17 21:20:42 +0000 2018|Margaret Hay|@FoxNews I thought Willem Dafoe...|0|Fox News|11|69|887|(-124.848974, 45.543541, -116.91558, 49.002431)
986353812192411648|Tue Apr 17 21:20:49 +0000 2018|The Wandering Bison|@KGWNews So this DOESN'T count as #blackface? I'd think a news outlet in #Portland would be terrified to post a pho‚Ä¶ https://t.co/FfEnI2IMKE|0|KGW News|14|155|27|(-124.848974, 45.543541, -116.91558, 49.002431)
986353840474677248|Tue Apr 17 21:20:55 +0000 2018|influencerTONY üé• #DSSEA|@randfish's keynote at #DSSEA was incredible. There's a lot of opportunity in Google's featured snippet results, image search and more. üï∫|0|Rand Fishkin|812|812|1092|(-124.848974, 45.543541, -116.91558, 49.002431)
986353872456298497|Tue Apr 17 21:21:03 +0000 2018|Georgia Garrison|@kylegriffin1 Can't help but wonder if he is a hit man or has hit men working for him. Just wondering?|0|Kyle Griffin|1859|841|101658|(-124.848974, 45.543541, -116.91558, 49.002431)
986353882153414656|Tue Apr 17 21:21:05 +0000 2018|üî•American Patriotüî•|"@KamalaHarris Dems parrot J Goebbels .      I Like this quote I dislike this quote
‚ÄúThe most brilliant propagandist‚Ä¶ https://t.co/HQjlWk0P83"|0|Kamala Harris|52|296|5401|(-124.848974, 45.543541, -116.91558, 49.002431)
986353894803390464|Tue Apr 17 21:21:08 +0000 2018|Brian|@imcoty Can we blame John? I blame John.|0|Coty|1640|2109|140500|(-124.848974, 45.543541, -116.91558, 49.002431)
986353914793476097|Tue Apr 17 21:21:13 +0000 2018|J Caldwell|@bentonblount @Mikel_Jollett Except it‚Äôs part of the court record; there was a desire for attorney client privilege‚Ä¶ https://t.co/0Tt1e9BGYe|0|Benton Blount|607|437|4438|(-124.848974, 45.543541, -116.91558, 49.002431)
986353922515189760|Tue Apr 17 21:21:15 +0000 2018|KarenE|@ScottRogowsky @hqtrivia Sorry Scott those jobs look boring LOL.|0|Skrrt Rogowsky|62|150|982|(-124.848974, 45.543541, -116.91558, 49.002431)
986353934502510592|Tue Apr 17 21:21:18 +0000 2018|Kit Fox|@count_travcula Wow hit and run? Seriously? Did you happen to get a plate #?|0|trav!|2456|1014|31730|(-124.848974, 45.543541, -116.91558, 49.002431)
986353948238872576|Tue Apr 17 21:21:21 +0000 2018|Gnome|@kanyewest BLACK SOULS ARE IMPORTANT|0|KANYE WEST|62|268|57|(-124.848974, 45.543541, -116.91558, 49.002431)
986353961534832643|Tue Apr 17 21:21:24 +0000 2018|andrew scanlon|@greggrosenthal Oh, thanks Gregg.|0|Gregg Rosenthal|90|969|2793|(-124.848974, 45.543541, -116.91558, 49.002431)
986353962537254912|Tue Apr 17 21:21:24 +0000 2018|Greg Whitworth|@AmeliasBrain This is precisely what we do on all of ours.|0|Amelia Bellamy-Royds|2399|668|20612|(-124.848974, 45.543541, -116.91558, 49.002431)
986353992232914944|Tue Apr 17 21:21:31 +0000 2018|Nicholas Bisbee|@draegerofficial @SteadyDrifter13 @MNUFC So don‚Äôt. Just plan ahead.|0|Michael|898|977|4189|(-124.848974, 45.543541, -116.91558, 49.002431)
986353990425182208|Tue Apr 17 21:21:31 +0000 2018|Rev. Anttimo Bennett|@JB_Dior why you letting my secret out? https://t.co/bZfIFVIGS8|0|Beyonce‚Äôs neo|1514|633|68711|(-124.848974, 45.543541, -116.91558, 49.002431)
986354005042327552|Tue Apr 17 21:21:35 +0000 2018|Parker|@alexdecampi like you, I love doing my own logos! But I still might|0|Alex de Campi|23532|997|84016|(-124.848974, 45.543541, -116.91558, 49.002431)
986354007865147392|Tue Apr 17 21:21:35 +0000 2018|Kit Fox|@count_travcula That place is delicious.|0|trav!|2456|1014|31731|(-124.848974, 45.543541, -116.91558, 49.002431)
986354032296869889|Tue Apr 17 21:21:41 +0000 2018|"kelsie |33 days| #01"|@diegp77 Hopefully ü§üüèª|0|Diego|1595|385|54876|(-124.848974, 45.543541, -116.91558, 49.002431)
986354040471674880|Tue Apr 17 21:21:43 +0000 2018|E|@KilltedKen @ManagerEnrique @mamacass8253 That‚Äôs awesome you have acrage they can run one. Although I‚Äôve heard they‚Ä¶ https://t.co/ZJb3pqWR21|0|Killted Ken|727|734|41455|(-124.848974, 45.543541, -116.91558, 49.002431)
986354054778384384|Tue Apr 17 21:21:46 +0000 2018|Eric Berlinberg|The @Snapchat UI changed again... ugh.|0|Snapchat|749|2300|15450|(-124.848974, 45.543541, -116.91558, 49.002431)
986354107781804032|Tue Apr 17 21:21:59 +0000 2018|Angry Red Planet|@SoftliSEA I think he was flashing red and would have been there at #58. The next DL wasn't taken until #56, I thin‚Ä¶ https://t.co/0SaFwns7oH|0|Tony Softli|166|139|13644|(-124.848974, 45.543541, -116.91558, 49.002431)
986354111388856320|Tue Apr 17 21:22:00 +0000 2018|üî•American Patriotüî•|"@TheDemocrats Right out of J Goebbels nazi handbook.      I Like this quote I dislike this quote
‚ÄúThe most brillian‚Ä¶ https://t.co/ysVN7vQNcL"|0|The Democrats|52|296|5402|(-124.848974, 45.543541, -116.91558, 49.002431)
986354209040683008|Tue Apr 17 21:22:23 +0000 2018|Puyallup Library|@misuthewitch I KNOW! I just realized the library had it and watched it twice this weekend. TWICE!|0|K. Misu Tirah|784|540|3141|(-124.848974, 45.543541, -116.91558, 49.002431)
986354219140530176|Tue Apr 17 21:22:26 +0000 2018|Bradlydean Bybee|So I think Epic turned @Ninja fall damage off. I have never seen him take any fall damage https://t.co/MTxhFtUQNu|0|Ninja|464|359|25449|(-124.848974, 45.543541, -116.91558, 49.002431)
986354221124501504|Tue Apr 17 21:22:26 +0000 2018|KatieDid|@Trumpet1984 Good one!|0|JackWBower|2659|2641|39452|(-124.848974, 45.543541, -116.91558, 49.002431)
986354257170345984|Tue Apr 17 21:22:35 +0000 2018|Eduardo Araujo|@manuriosfdez I know all the songs aaa|0|manu|648|329|1295|(-124.848974, 45.543541, -116.91558, 49.002431)
986354260223897600|Tue Apr 17 21:22:35 +0000 2018|Georgia Garrison|@SaysHummingbird @joncoopertweets What a blessing that would be.|0|The Hummingbird üê¶|1859|841|101664|(-124.848974, 45.543541, -116.91558, 49.002431)
986354300606529536|Tue Apr 17 21:22:45 +0000 2018|KarenE|@katpinke When my daughter was a baby and wouldn‚Äôt stop screaming I called her to come get her and she did. I was s‚Ä¶ https://t.co/AarVwzbw5X|0|Katie Pinke|62|150|983|(-124.848974, 45.543541, -116.91558, 49.002431)
986354345435254784|Tue Apr 17 21:22:56 +0000 2018|Thomas Carley Jr.|@Swim_Gymwear @DanGlover1 @eBay @ebayuk I would like to sell that necklace on my website...thecreativerealm.org. Who do I order them from?|0|Christine|742|2780|2511|(-124.848974, 45.543541, -116.91558, 49.002431)
986354382546464768|Tue Apr 17 21:23:05 +0000 2018|Eugene Harris|@morninggloria What is the purpose of your panel?|0|audible gasp|43|206|5552|(-124.848974, 45.543541, -116.91558, 49.002431)
986354454034137088|Tue Apr 17 21:23:22 +0000 2018|Jasmine Monjaraz|Waiting for @shanedawson to see that @lilmiquela Instagram is hacked üëÄ I hope that she gets it back under control!!|0|Shane Dawson|442|1102|7769|(-124.848974, 45.543541, -116.91558, 49.002431)
986354482219892736|Tue Apr 17 21:23:28 +0000 2018|üî•American Patriotüî•|"@SenateDems Dems use J Goebbels nazi propaganda technique.       
‚ÄúThe most brilliant propagandist technique will y‚Ä¶ https://t.co/TTyatYSNP4"|0|Senate Democrats|52|296|5403|(-124.848974, 45.543541, -116.91558, 49.002431)
986354538448744448|Tue Apr 17 21:23:42 +0000 2018|Eddie Rich|@BrunoAmato_1 Scott Pruitt has to go. üò†|0|Bruno Amato|326|591|19784|(-124.848974, 45.543541, -116.91558, 49.002431)
986354544576622592|Tue Apr 17 21:23:43 +0000 2018|K.Mo|"@Dax_x98 @realDonaldTrump @VP @mike_pence I literally just followed every single one of y'all. 

Haha https://t.co/lLuxiTQePo"|0|DŒîX|315|618|1838|(-124.848974, 45.543541, -116.91558, 49.002431)
986354546925453312|Tue Apr 17 21:23:44 +0000 2018|James E|@RawStory you are trying to tell us Americans McConnell won't sign a bill that would impeach. Why would Trump sign‚Ä¶ https://t.co/1LlWh99dF6|0|Raw Story|1342|3750|6081|(-124.848974, 45.543541, -116.91558, 49.002431)
986354640861057024|Tue Apr 17 21:24:06 +0000 2018|Steven Eidher|@ConsoleKev Yessir. Just went back to the first level to check that. Shows an amusing generation gap. Those that pr‚Ä¶ https://t.co/RJWfhh4Qis|0|Console Kev|1125|1244|88586|(-124.848974, 45.543541, -116.91558, 49.002431)
986354634800283648|Tue Apr 17 21:24:05 +0000 2018|Escape Manor|"Well, despite all our trash talking, we didn't end up winning this year's @OttawaFoodBank Food Sort Challenge ‚òπÔ∏è

B‚Ä¶ https://t.co/b55tJdsTbb"|0|Ottawa Food Bank|2561|1215|4235|(-124.848974, 45.543541, -116.91558, 49.002431)
986354634800283648|Tue Apr 17 21:24:05 +0000 2018|Escape Manor|"Well, despite all our trash talking, we didn't end up winning this year's @OttawaFoodBank Food Sort Challenge ‚òπÔ∏è

B‚Ä¶ https://t.co/b55tJdsTbb"|0|Ottawa Food Bank|2561|1215|4235|(-124.848974, 45.543541, -116.91558, 49.002431)
986354676575617024|Tue Apr 17 21:24:15 +0000 2018|Eugene Harris|@janewells Not adjacent to the turbines.|0|janewells|43|206|5553|(-124.848974, 45.543541, -116.91558, 49.002431)
986354712944427009|Tue Apr 17 21:24:23 +0000 2018|Meredith Metsker|"@TheAcademy She‚Äôs blonde and she‚Äôs smart,
She got into Harvard law,
Like ‚ÄúWhat, like it‚Äôs hard?!‚Äù #LegallyBlonde #anycosmogirlwouldhaveknown"|0|The Academy|404|535|1749|(-124.848974, 45.543541, -116.91558, 49.002431)
986354713481265157|Tue Apr 17 21:24:23 +0000 2018|Nicholas Bisbee|@draegerofficial @SteadyDrifter13 @MNUFC That makes sense. Didn‚Äôt know you were doing that.|0|Michael|898|977|4190|(-124.848974, 45.543541, -116.91558, 49.002431)
986354718849904640|Tue Apr 17 21:24:25 +0000 2018|Tom Desmarais|@realDonaldTrump Awaiting the next blockbuster book, ‚ÄúThe Last Days of Donald Trump‚Äù.|0|Donald J. Trump|8|21|288|(-124.848974, 45.543541, -116.91558, 49.002431)
986354738462674944|Tue Apr 17 21:24:29 +0000 2018|Georgia Garrison|@NBCNews Good news. Fox shouldn't get off completely clean in this, another illegal move on the part of Hannity.|0|NBC News|1859|841|101666|(-124.848974, 45.543541, -116.91558, 49.002431)
986354838932893696|Tue Apr 17 21:24:53 +0000 2018|Blue Jays Dad #InFlight‚öæÔ∏è|".@KPILLAR4 2-RBI DOUBLE
11-3 #BlueJays over the Royals
B6"|0|Kevin Pillar|10246|9331|33422|(-124.848974, 45.543541, -116.91558, 49.002431)
986354844599504896|Tue Apr 17 21:24:55 +0000 2018|Kangee|"It's good to be king. 
.
.
.
.
White Gummy from @sweetlipsvapes 
.
.
$15 sample packs available.‚Ä¶ https://t.co/wYqYtdekwy"|0|Sweet Lips Eliquids LLC.|118|198|1539|(-124.848974, 45.543541, -116.91558, 49.002431)
986354852384124933|Tue Apr 17 21:24:57 +0000 2018|Bobby üá®üá¶|@vicenews .. it's Dexter .. lol|0|VICE News|1832|995|77367|(-124.848974, 45.543541, -116.91558, 49.002431)
986354859686281216|Tue Apr 17 21:24:58 +0000 2018|#sharethecities|@OraleaW @Andres4Seattle @dongho_chang @seattledot It‚Äôs gonna be as busy as the Capitol Hill Station. Idk why we have to wait to see that.|0|Oralea White|2826|4769|45552|(-124.848974, 45.543541, -116.91558, 49.002431)
986354881169518592|Tue Apr 17 21:25:03 +0000 2018|Juli Bunting|@chick_in_kiev These are folks who thrive on oppression. Oppression of POC and women. THIS woman needs to fall back. Hard.|0|Talia Lavin|1209|1085|11786|(-124.848974, 45.543541, -116.91558, 49.002431)
986354884604608512|Tue Apr 17 21:25:04 +0000 2018|ants in my eyes johnson|@Head_Chancho Hey man, he‚Äôs got 300 years of life and wisdom at our noses. He even walks into prisons for a living.‚Ä¶ https://t.co/uqx3zyhMwR|0|Cool Hand Luke|875|650|36916|(-124.848974, 45.543541, -116.91558, 49.002431)
986354885187612672|Tue Apr 17 21:25:04 +0000 2018|@annhomebaker|@MichaelAvenatti @TheView @StormyDaniels Stormy can use her platform to speak out against dating violence and help‚Ä¶ https://t.co/Uio8sIuXIS|0|Michael Avenatti|150|558|763|(-124.848974, 45.543541, -116.91558, 49.002431)
986354889168060416|Tue Apr 17 21:25:05 +0000 2018|The Wandering Bison|@thunderingjove @HollyApple5 @realisticus @CNN We'll there has to be meat for the outrage grinder. Might as well th‚Ä¶ https://t.co/attyTZYSB7|0|Paul Cornelius|14|155|29|(-124.848974, 45.543541, -116.91558, 49.002431)
986354913574772736|Tue Apr 17 21:25:11 +0000 2018|Shawn Jorgensen (AKA CallingOut)|@lsarsour is at it again - this time trying to tell us that ‚Äújihad‚Äù just means a ‚Äústruggle‚Äù to Muslims - not a decl‚Ä¶ https://t.co/hPHdjlAT7H|0|Linda Sarsour|6901|4875|31574|(-124.848974, 45.543541, -116.91558, 49.002431)
986354920461713409|Tue Apr 17 21:25:13 +0000 2018|Madeleine Wilson|Me after hearing @randfish‚Äôs keynote about search marketing at @DigSumSeattle. So much to think about! #DSSEA https://t.co/k903wLopj9|0|Rand Fishkin|1727|2392|12637|(-124.848974, 45.543541, -116.91558, 49.002431)
986354949108871168|Tue Apr 17 21:25:20 +0000 2018|üå∑üêùüå∑üå±üå∑üêùüå∑|@JoAnnaScience I used to extract PCBs from samples so they could be run for analysis. One set of samples was from t‚Ä¶ https://t.co/GAFifMgiTE|0|JoAnna|732|1628|23148|(-124.848974, 45.543541, -116.91558, 49.002431)
986354961515606016|Tue Apr 17 21:25:23 +0000 2018|Breeyonce üåàüåàüåà|@eslonelmt @vickybeeching Couldn‚Äôt have said it any better myself ‚ù§Ô∏è good for you!!! You keep being exactly who you are.|0|Kitty's Loo|335|639|21550|(-124.848974, 45.543541, -116.91558, 49.002431)
986355018969186305|Tue Apr 17 21:25:36 +0000 2018|brennan clarahan|@intheMatrixxx @CheriJacobus @POTUS @NobelPrize Cheri is WRONG WRONG WRONG|0|[intheMatrix]|3288|4199|2237|(-124.848974, 45.543541, -116.91558, 49.002431)
986355043669454849|Tue Apr 17 21:25:42 +0000 2018|Tom Desmarais|@realDonaldTrump LMAO.... you are the most hated President in history! America loves Obama!!|0|Donald J. Trump|8|21|289|(-124.848974, 45.543541, -116.91558, 49.002431)
986355162338951168|Tue Apr 17 21:26:10 +0000 2018|Adrian Wilson|Drinking a Fresh Squeezed IPA by @deschutesbeer at @deschutespdxpub ‚Äî https://t.co/rWG5OWg7Dq|0|Deschutes Brewery|385|1146|11440|(-124.848974, 45.543541, -116.91558, 49.002431)
986355189643788288|Tue Apr 17 21:26:17 +0000 2018|Kit Fox|@count_travcula I think you should. That's pretty fucked up...|0|trav!|2456|1014|31732|(-124.848974, 45.543541, -116.91558, 49.002431)
986355264264654848|Tue Apr 17 21:26:35 +0000 2018|polynesian queen|If this ain‚Äôt the realest shit, everrrrrr!! @heyamine https://t.co/zcKiaQdayg|0|Amin√©|234|358|4797|(-124.848974, 45.543541, -116.91558, 49.002431)
986355328613662721|Tue Apr 17 21:26:50 +0000 2018|laur|@xoxospencerr Same|0|spencerrr_|1237|160|10189|(-124.848974, 45.543541, -116.91558, 49.002431)
986355367444545536|Tue Apr 17 21:26:59 +0000 2018|Jenn E.|@abelisle4 @Lokay I'll have what he's having.|0|Alex|207|600|721|(-124.848974, 45.543541, -116.91558, 49.002431)
986355376588140544|Tue Apr 17 21:27:02 +0000 2018|Andrew Warriors Definitive Edition|"@alexavard95 Aether, the ""it does whatever we need it to do"" stone."|0|Alex Avard|965|253|127315|(-124.848974, 45.543541, -116.91558, 49.002431)
986355419005124608|Tue Apr 17 21:27:12 +0000 2018|Tom Desmarais|@realDonaldTrump Self delusion....only you and the deplorables believe that. üòÇ üòÇ|0|Donald J. Trump|8|21|290|(-124.848974, 45.543541, -116.91558, 49.002431)
986355419156176896|Tue Apr 17 21:27:12 +0000 2018|Blue Jays Dad #InFlight‚öæÔ∏è|"Kind of like what the Blue Jays batters are doing to the @Royals right now?

#BlueJays 11 #Royals 3 END6 https://t.co/VRB6bynUha"|0|Kansas City Royals|10246|9331|33423|(-124.848974, 45.543541, -116.91558, 49.002431)
986355435945869312|Tue Apr 17 21:27:16 +0000 2018|Nick@Nite|@NGHTMRE @BassCanyon @Excision Every time i see this @BassCanyon lineup I cry tears of bass filled joy|0|NGHTMRE|94|188|4196|(-124.848974, 45.543541, -116.91558, 49.002431)
986355439100030976|Tue Apr 17 21:27:16 +0000 2018|Meredith Metsker|@TheAcademy asked for haikus about our favorite movies... üòé #TheRulesOfHairCareAreSimpleAndFinite https://t.co/BqHZ7k4toV|0|The Academy|404|535|1750|(-124.848974, 45.543541, -116.91558, 49.002431)
986355439628627969|Tue Apr 17 21:27:17 +0000 2018|Madeleine Wilson|Nerding out over how @Starbucks has handled crisis communication during this time. https://t.co/hQxzKOLuxz|0|Starbucks Coffee|1727|2392|12638|(-124.848974, 45.543541, -116.91558, 49.002431)
986355448763707392|Tue Apr 17 21:27:19 +0000 2018|BreAnna Nicole Dann|@Deannaaviolet I think you rock the blues üòçüòç But you‚Äôre friggin beautiful so you‚Äôll rock anything!|0|Deanna ‚ñ≥‚Éí‚Éò|149|236|1205|(-124.848974, 45.543541, -116.91558, 49.002431)
986355477045915648|Tue Apr 17 21:27:25 +0000 2018|Eugene Harris|@The_Real_Fly We can try!|0|The_Real_Fly|43|206|5554|(-124.848974, 45.543541, -116.91558, 49.002431)
986355481080811520|Tue Apr 17 21:27:26 +0000 2018|Annie Maridal Rust|@TheronZahnKOMO So pretty! We want to see more!|0|Theron Zahn|738|1338|7495|(-124.848974, 45.543541, -116.91558, 49.002431)
986355488072744960|Tue Apr 17 21:27:28 +0000 2018|Jim Cerami|@PatMargera Yea he‚Äôs done. God damn it.|0|RawLife|302|493|22344|(-124.848974, 45.543541, -116.91558, 49.002431)
986355521274888192|Tue Apr 17 21:27:36 +0000 2018|Conrad MacIntyre|@Gwally86 @grspur @LottOnBaseball Even if you had Facebook, you still couldn‚Äôt watch. Not available in Canada.|0|Graham Walton|108|133|5566|(-124.848974, 45.543541, -116.91558, 49.002431)
986355530510696448|Tue Apr 17 21:27:38 +0000 2018|üëäüèΩJesus CamachoüëäüèΩ|Voted #MakeWeedLegal on @TheTylt because it‚Äôs high time America legalize marijuana https://t.co/oeFB1JW30r https://t.co/5QC51E5NhB|0|The Tylt|294|237|21399|(-124.848974, 45.543541, -116.91558, 49.002431)
986355584151638016|Tue Apr 17 21:27:51 +0000 2018|Jeff Watkins|@smorr Don‚Äôt blink, you might miss it.|0|Scott Morrison|721|223|21131|(-124.848974, 45.543541, -116.91558, 49.002431)
986355593500770304|Tue Apr 17 21:27:53 +0000 2018|Teck Toniküí™üèº|@xchelseacarlax I enjoyed this üôåüèº|0|Chelsea ‚ô•|1265|4897|5064|(-124.848974, 45.543541, -116.91558, 49.002431)
986355631111073792|Tue Apr 17 21:28:02 +0000 2018|PastorJerry Snowden|@TheRoboCartMan @_OneNewMan @One_Of_His @HiCaliberLilGal @ElderLansing @ChristianRep @TimBurt @ZoWhatTheF @clchapin‚Ä¶ https://t.co/a2lWFnzFwh|0|CAA|2179|2999|1238|(-124.848974, 45.543541, -116.91558, 49.002431)
986355644658626560|Tue Apr 17 21:28:05 +0000 2018|madi|@kaceymarieee I want your life üò©|0|Kace|523|413|9446|(-124.848974, 45.543541, -116.91558, 49.002431)
986355647028518912|Tue Apr 17 21:28:06 +0000 2018|Kevin m Adkins|@nytimes The supreme Court needs to investigate american based war crimes,the United Nations won't, whitehouse won't,and NATO won't???????|0|The New York Times|16|58|807|(-124.848974, 45.543541, -116.91558, 49.002431)
986355652095131648|Tue Apr 17 21:28:07 +0000 2018|Brian Brezarich|@757Spy can‚Äôt believe that southwest air engine sucked a passenger after it blew up those windows are pretty thick‚Ä¶ https://t.co/BjhlzXvl9o|0|757 Spy|76|409|2707|(-124.848974, 45.543541, -116.91558, 49.002431)
986355674304036866|Tue Apr 17 21:28:13 +0000 2018|The Wandering Bison|@WeWuzMetokur @Andywarski LOL who even gives a damn about youtube bullshit.|0|WeWuzMetokur|14|154|30|(-124.848974, 45.543541, -116.91558, 49.002431)
986355676539568128|Tue Apr 17 21:28:13 +0000 2018|Candyce Ja√±ae|@MarquezMeggie Araceli Velasquez, she does them at home in mabton!|0|Meghan M√°rquez üå∫|712|554|8100|(-124.848974, 45.543541, -116.91558, 49.002431)
986355718948208640|Tue Apr 17 21:28:23 +0000 2018|Eugene Harris|@JRubinBlogger The CBO has mandated factors that may not be realworld.|0|Jennifer Rubin|43|206|5555|(-124.848974, 45.543541, -116.91558, 49.002431)
986355721737506816|Tue Apr 17 21:28:24 +0000 2018|Anne Marie Breton|@MMwritescanada @darrenrovell That dad is a sh*t disturber..|0|mmlikestowrite|2653|5001|77832|(-124.848974, 45.543541, -116.91558, 49.002431)
986355755300225024|Tue Apr 17 21:28:32 +0000 2018|Heather crzyfishlady|@holly It could be an infertile egg too. My angelfish becomes fat with eggs on a cycle, then lays them somewhere. Even with no male present.|0|Holly Brockwell|335|402|10277|(-124.848974, 45.543541, -116.91558, 49.002431)
986355781330022400|Tue Apr 17 21:28:38 +0000 2018|molly, duh.|@BadEnoughDude Omg nooooope.|0|Adam Kollasch|663|480|13062|(-124.848974, 45.543541, -116.91558, 49.002431)
986355786598121477|Tue Apr 17 21:28:39 +0000 2018|BreAnna Nicole Dann|@Deannaaviolet Yessss girl! You‚Äôll have to send me photos when you do üòç|0|Deanna ‚ñ≥‚Éí‚Éò|149|236|1206|(-124.848974, 45.543541, -116.91558, 49.002431)
986355865803341824|Tue Apr 17 21:28:58 +0000 2018|Michael A. Stusser|@yashar @seanhannity Hey Dumbshit. Imagine if @andersoncooper‚Äôs attorney was @MichaelAvenatti. Now you get it. #FireHannity @FoxNews @cnnbrk|0|Yashar Ali üêò|1546|2586|17230|(-124.848974, 45.543541, -116.91558, 49.002431)
986355897193545728|Tue Apr 17 21:29:06 +0000 2018|Brian Brezarich|@AeroSimGaming you should do some science behind todays Southwest Air Engine Explosion|0|Rush|76|409|2708|(-124.848974, 45.543541, -116.91558, 49.002431)
986355982543609858|Tue Apr 17 21:29:26 +0000 2018|Arugula & Rocket|"Delicious tuna everything bagel @eltanabagels 
. . .
#eltanabagels #tunasalad #pickle #bagel‚Ä¶ https://t.co/r7d5PLXc13"|0|Eltana|369|239|2466|(-124.848974, 45.543541, -116.91558, 49.002431)
986355992626528256|Tue Apr 17 21:29:28 +0000 2018|j a m i e  j e a n|@rosesnchains @hopelesscaro I watched my mom try to take her life in front of me... fucked me up for years and is t‚Ä¶ https://t.co/tEjaR9IhQA|0|lets is ready for familiar|1425|425|37366|(-124.848974, 45.543541, -116.91558, 49.002431)
986355999362568192|Tue Apr 17 21:29:30 +0000 2018|Clarity|@GeorgeTakei That's $224 million we won't get back|0|George Takei|848|1638|23182|(-124.848974, 45.543541, -116.91558, 49.002431)
986355999563923456|Tue Apr 17 21:29:30 +0000 2018|PastorJerry Snowden|@TheRoboCartMan I would love a seat on this train. Love and Respect always|0|CAA|2179|2999|1239|(-124.848974, 45.543541, -116.91558, 49.002431)
986356018832539648|Tue Apr 17 21:29:35 +0000 2018|Buck Woody|@steveolivas Then you're taco-ing wrong|0|Steve Olivas|2874|255|8699|(-124.848974, 45.543541, -116.91558, 49.002431)
986356029737680897|Tue Apr 17 21:29:37 +0000 2018|Joel Guerra üèéÔ∏èüèÅ|@TimoSolo Alright guys let's do what the cup says!|0|Timothy Solomon üáøüá¶|1170|900|4222|(-124.848974, 45.543541, -116.91558, 49.002431)
986356036381556736|Tue Apr 17 21:29:39 +0000 2018|Rocky Paul-boa|@lasergirl70 Sometimes I hear the cheery chime of my LG dryer in my head and I get up to check it.|0|üåü Lisa üåü|1856|1898|71586|(-124.848974, 45.543541, -116.91558, 49.002431)
986356059857014784|Tue Apr 17 21:29:44 +0000 2018|The Wandering Bison|@HollyApple5 @thunderingjove @realisticus @CNN Right well the whole thing is based on taking history completely out‚Ä¶ https://t.co/czlukziLFV|0|RandomPerson|14|154|31|(-124.848974, 45.543541, -116.91558, 49.002431)
986356071399747584|Tue Apr 17 21:29:47 +0000 2018|Nick Sheingold|@jeremymbarr Rough commute, eh @sassbyrask https://t.co/99XYuZC7AC|0|Jeremy Barr|4697|938|15088|(-124.848974, 45.543541, -116.91558, 49.002431)
986356084343320576|Tue Apr 17 21:29:50 +0000 2018|Eugene Harris|@davidhogg111 @blackrock @Vanguard_Group Go easy on the boycotts now,  too many will get you ignored.|0|David Hogg|43|206|5556|(-124.848974, 45.543541, -116.91558, 49.002431)
986356092878766080|Tue Apr 17 21:29:52 +0000 2018|Igor's Godless Buddy|@DavidCornDC Damn straight. But then Americans have always valued mediocrity in their music.|0|David Corn|74|160|1523|(-124.848974, 45.543541, -116.91558, 49.002431)
986356110876536832|Tue Apr 17 21:29:57 +0000 2018|Ron Polly|@oceanly @north_van North Shore @liberal_party MP says nothing in support of local protesters . Towing‚Ä¶ https://t.co/Xb9fgi5dL2|0|Lily H|541|418|26922|(-124.848974, 45.543541, -116.91558, 49.002431)
986356124428324864|Tue Apr 17 21:30:00 +0000 2018|Microsoft Channel 9|#ICYMI All sessions from yesterday's @fsharpconf are posted on Channel 9: https://t.co/CICbUbOrwL üôåüéâ¬†#fsharp‚Ä¶ https://t.co/QvIXfnytW2|0|fsharpConf|421864|399|15704|(-124.848974, 45.543541, -116.91558, 49.002431)
986356134024851456|Tue Apr 17 21:30:02 +0000 2018|Michelle Starr|@fr_aquilini @billgood_news You should of tried pro wrestling with @ASWCANADA|0|Francesco Aquilini|1522|1544|13878|(-124.848974, 45.543541, -116.91558, 49.002431)
986356183660355584|Tue Apr 17 21:30:14 +0000 2018|baby kay|"Me: did you meet him on fort nite..
Megan: ... yeah
These kids smh @meganalizabethh"|0|Megan|1744|1688|17958|(-124.848974, 45.543541, -116.91558, 49.002431)
986356201716793345|Tue Apr 17 21:30:18 +0000 2018|BorderCollieGuy|@reversechapter I wrote earlier today I don't understand where this guy is coming from because he's vague and seemi‚Ä¶ https://t.co/CzyFhaOZtF|0|lee h. alderman|669|473|16520|(-124.848974, 45.543541, -116.91558, 49.002431)
986356214266253312|Tue Apr 17 21:30:21 +0000 2018|Michael Harvey|@BSmile @UniWatch @PhilHecken Bring back brass bands instead of stadium music.  I was at Wrigley 2 years ago and th‚Ä¶ https://t.co/6LfzuLToql|0|Baseball by BSmile|400|1351|4092|(-124.848974, 45.543541, -116.91558, 49.002431)
986356215327293440|Tue Apr 17 21:30:22 +0000 2018|Barter Loch Monster|@MadeleineRose8 @randfish @DigSumSeattle There wasn't even anything for me to satirize! Great presentation.|0|Madeleine Wilson|30|95|278|(-124.848974, 45.543541, -116.91558, 49.002431)
